facility_id,facility_type,facility_category,facility_subtype,name,address,district,lon,lat,total_area_m2
PARK_2,公园,公园,公园绿地,南山两河峯景,成都金牛两河西五路南山两河峯景,金牛区,103.980232,30.714555,30743.6723466189
PARK_3,公园,公园,公园绿地,成都市龙爪游园,四川省成都市武侯区二环路西一段与二环高架路交叉口西150米,武侯区,104.018284,30.654741,8669.32836988558
PARK_5,公园,公园,公园绿地,儿童友好广场,四川省成都市武侯区金履四路86号,武侯区,103.983487,30.612172,5494.97860896475
PARK_7,公园,公园,公园绿地,成都国际商贸城音乐喷泉广场,四川省成都市金牛区聚霞路1号,金牛区,104.077517,30.793751,54266.0224035361
PARK_8,公园,公园,公园绿地,恒大曹家巷广场-东区,成都市金牛区马鞍南街与外曹家巷交叉路口往东约130米,金牛区,104.086907,30.67517,70343.2032153423
PARK_10,公园,公园,公园绿地,红杉谷,四川省成都市锦江区杜英路312号,锦江区,104.160466,30.584141,35493.816218259
PARK_11,公园,公园,公园绿地,锦官苑,四川省成都市武侯区武侯大道铁佛段222号,武侯区,103.987199,30.606565,8548.23900285659
PARK_12,公园,公园,公园绿地,银杏园(锦里中路),四川省成都市青羊区武青东四路12号,青羊区,104.053805,30.652036,6076.86756998689
PARK_14,公园,公园,公园绿地,光华村法治文化广场,四川省成都市青羊区光华村街仁和世代春天43附16~17号,青羊区,104.01442,30.664712,2073.34843131616
PARK_15,公园,公园,公园绿地,王泽浚公馆,金河路63号,青羊区,104.049957,30.663755,3070.82920805725
PARK_16,公园,公园,公园绿地,双桂公园(双成二路),四川省成都市成华区双桂路31号,成华区,104.111169,30.644553,4563.41849306723
PARK_18,公园,公园,公园绿地,江安河生态公园,四川省成都市武侯区马家河村簇马路三段,武侯区,103.964621,30.587153,11377.886141098
PARK_20,公园,公园,公园绿地,时空旅,光华大道二段601号附1号国际非物质文化遗产博览园内,青羊区,103.927484,30.670129,13048.8450983709
PARK_21,公园,公园,公园绿地,同瑞园,四川省成都市青羊区光华大道跟成飞大道交叉口,青羊区,103.957545,30.673053,62108.3851984782
PARK_22,公园,公园,公园绿地,FF足球公园,成都市青羊区光华8线FF体育公园,青羊区,103.953214,30.664302,73100.4491478295
PARK_23,公园,公园,公园绿地,同辉园,四川省成都市青羊区培华路351号,青羊区,103.968086,30.673753,18395.5245946346
PARK_24,公园,公园,公园绿地,成飞公园,成都市青羊区纬一路220号,青羊区,103.95458,30.702589,89523.1401141845
PARK_25,公园,公园,公园绿地,英国风情小镇玫瑰园,成都市青羊区蝶飞路28号,青羊区,103.961077,30.691065,22069.6204511528
PARK_27,公园,公园,公园绿地,两河城市森林公园,成都市金牛区土龙路38号,金牛区,103.96549,30.720723,213585.528361809
PARK_28,公园,公园,公园绿地,LALA LAND日落半岛露营地,土龙路310号,金牛区,103.953273,30.719101,6911.48057732005
PARK_30,公园,公园,公园绿地,天艺浓园艺术博览园,成都市武侯区武侯大道三河段20号,武侯区,104.005768,30.591769,76045.4866891119
PARK_33,公园,公园,公园绿地,UPARK公园,四川省成都市高新区富华北路666号,武侯区,104.037269,30.557111,43921.5916179586
PARK_34,公园,公园,公园绿地,桂溪安全文化公园,昆华路919号1附近,武侯区,104.027131,30.556755,78148.5956220104
PARK_36,公园,公园,公园绿地,大源中央公园,成都市高新区天府二街777号,武侯区,104.046742,30.55151,205633.882903896
PARK_38,公园,公园,公园绿地,吉泰路活力公园,成都市武侯区OCG国际中心,武侯区,104.060787,30.545948,16419.0420023917
PARK_39,公园,公园,公园绿地,市政公园,四川省成都市武侯区云华路与天府四街交叉口东南200米,武侯区,104.059363,30.54359,16983.9604358838
PARK_40,公园,公园,公园绿地,月牙湖,四川省成都市武侯区吉庆一路与吉瑞一路交汇处东南角,武侯区,104.056986,30.559818,22492.4302281483
PARK_41,公园,公园,公园绿地,锦城湖-2号湖区,四川省成都市武侯区锦城大道锦城湖北门南侧约40米,武侯区,104.03968,30.575445,292339.135571472
PARK_42,公园,公园,公园绿地,新体公园,成都市武侯区新园大道与锦城大道交叉口东南150米,武侯区,104.032598,30.578042,169607.860560191
PARK_44,公园,公园,公园绿地,交子百业,四川省成都市武侯区高新区S103(益新大道),武侯区,104.022626,30.581801,291637.913003261
PARK_47,公园,公园,公园绿地,锦城公园,四川省成都市高新区益州大道中段1666号,武侯区,104.050485,30.57291,580607.269731672
PARK_48,公园,公园,公园绿地,锦城公园4号湖区,锦悦西路56号,武侯区,104.049802,30.568744,253001.516361496
PARK_49,公园,公园,公园绿地,桂溪生态公园-西区,四川省成都市天府一街桂溪生态公园,武侯区,104.060318,30.565487,557707.200348304
PARK_51,公园,公园,公园绿地,簇锦公园,四川省成都市武侯区福锦路二段268号,武侯区,103.994902,30.612012,61494.5897808486
PARK_52,公园,公园,公园绿地,铁佛公园,四川省成都市武侯区福锦路1段-167号-附8号,武侯区,103.988767,30.618663,83700.9521469262
PARK_53,公园,公园,公园绿地,武侯乐享公园,成都市武侯区金履路西派城A区西侧约120米,武侯区,103.979012,30.618887,14739.1523997267
PARK_55,公园,公园,公园绿地,禅茶城,成都市武侯区七里路499号,武侯区,103.977086,30.610397,38233.2593854161
PARK_56,公园,公园,公园绿地,顺江社区公园,成都市武侯区万兴路双楠尚品广场·满园春南侧约70米,武侯区,103.994841,30.625309,15838.9858899137
PARK_58,公园,公园,公园绿地,武侯体育公园,四川省成都市武侯区顺和街24号,武侯区,103.997258,30.637034,20693.3806181316
PARK_59,公园,公园,公园绿地,簇茧公园,成都市武侯区簇桥上街西部家园南侧约50米,武侯区,104.000131,30.609725,10272.5335640963
PARK_60,公园,公园,公园绿地,万兴路游园,成都市武侯区聚萃街阳光城檀府西侧约30米,武侯区,103.998194,30.625621,4871.65853666835
PARK_61,公园,公园,公园绿地,海斯凯体育公园,四川省成都市青羊区东坡南一路1号,青羊区,103.993031,30.658683,58836.4395606819
PARK_62,公园,公园,公园绿地,清水河公园,成都市武侯区西三环路三段,武侯区,103.985392,30.659958,328329.876821717
PARK_63,公园,公园,公园绿地,潮音水岸,四川省成都市武侯区潮音路机投广场二组15号附1号,武侯区,103.981722,30.646499,7830.30147180091
PARK_64,公园,公园,公园绿地,武侯生态体育公园,成都市武侯区万寿桥路清江雅舍-B区东侧约70米,武侯区,103.988685,30.659101,56507.8758670502
PARK_65,公园,公园,公园绿地,吉顺街运动公园,成都市武侯区吉顺街交大花园广厦小区东南侧,武侯区,104.003615,30.639398,5308.19002257249
PARK_66,公园,公园,公园绿地,锦烨瑞府公园,成都市武侯区龙华北路嘉瑞苑-华美居西侧约30米,武侯区,104.01073,30.651896,6555.27104724461
PARK_67,公园,公园,公园绿地,五大花园体育运动公园,晋吉东二街256号,武侯区,103.99983,30.646278,18673.8161138021
PARK_68,公园,公园,公园绿地,东坡公园,四川省成都市青羊区东坡南一路1号,青羊区,104.000657,30.663043,32922.8756986561
PARK_69,公园,公园,公园绿地,翠柳园,四威南路18号,青羊区,103.992793,30.671536,46874.8214857291
PARK_71,公园,公园,公园绿地,丽都公园,四川省成都市武侯区丽都路1号,武侯区,104.033612,30.631352,53616.8055605651
PARK_72,公园,公园,公园绿地,梵木Flying国际文创公园,四川省成都市武侯区太平寺西路3号梵木flying国际文创公园a1f1栋,武侯区,104.023227,30.609131,24921.4458955851
PARK_73,公园,公园,公园绿地,红牌楼健康公园,成都市武侯区永顺路129号,武侯区,104.021303,30.637776,33662.7552601649
PARK_74,公园,公园,公园绿地,南站公园,成都市武侯区桐梓林壹号4栋2单元603室,武侯区,104.051075,30.607089,61706.0884922174
PARK_75,公园,公园,公园绿地,神仙树公园,四川省成都市武侯区紫荆西路,武侯区,104.04536,30.615428,79718.2046355391
PARK_76,公园,公园,公园绿地,火烧堰碧翠廊,成都市武侯区火烧堰巷天府花园-一期西南侧,武侯区,104.053356,30.62822,4183.44005735396
PARK_77,公园,公园,公园绿地,新北社区体育公园,四川省成都市武侯区新乐路189号,武侯区,104.037898,30.609271,9060.83748731321
PARK_78,公园,公园,公园绿地,沃顿公园,成都市武侯区南三环路5段188号,武侯区,104.033289,30.604526,65554.777022328
PARK_80,公园,公园,公园绿地,崇德园,四川省成都市武侯区高升桥东路19号-附4号,武侯区,104.039432,30.631038,8378.62215572243
PARK_81,公园,公园,公园绿地,高升桥小游园,成都市武侯区武侯祠大街266号太平洋电影城斜对面,武侯区,104.039464,30.64499,4017.2730451686
PARK_87,公园,公园,公园绿地,万佛楼,草堂路28号成都杜甫草堂博物馆内,青羊区,104.027689,30.661762,158417.035797597
PARK_91,公园,公园,公园绿地,四川博物院,四川省成都市青羊区浣花南路251号,青羊区,104.03169,30.663275,45437.8246941944
PARK_93,公园,公园,公园绿地,青羊宫,成都市青羊区一环路西二段9号,青羊区,104.040171,30.664043,48685.7687952168
PARK_95,公园,公园,公园绿地,十二桥烈士墓,成都市青羊区青羊正街文化公园内,青羊区,104.04035,30.662484,3493.78330609176
PARK_96,公园,公园,公园绿地,百寿小游园,成都市金牛区百寿路14号,金牛区,104.033073,30.672771,3446.721101266
PARK_100,公园,公园,公园绿地,荐馨殿,四川省成都市武侯区武侯祠大街231号,武侯区,104.045129,30.649865,8869.13620858672
PARK_101,公园,公园,公园绿地,锦里古街,成都市武侯区武侯祠大街231号附1号,武侯区,104.046495,30.649964,39669.6380085469
PARK_103,公园,公园,公园绿地,绮霞园,锦里中路60号,青羊区,104.050139,30.654736,5219.945477787
PARK_104,公园,公园,公园绿地,雅文化园,成都市青羊区大石东路与锦里滨河路交叉路口往东约140米,青羊区,104.04633,30.653928,4968.1841012777
PARK_106,公园,公园,公园绿地,滨江公园,四川省成都市锦江区临江西路与坛神巷交叉口东北80米,锦江区,104.06103,30.649501,13355.0402572681
PARK_107,公园,公园,公园绿地,宽窄巷子,四川省成都市青羊区宽巷子27号,青羊区,104.05109,30.666129,73361.234245957
PARK_108,公园,公园,公园绿地,百花潭公园,四川省成都市青羊区芳邻路5号,青羊区,104.041177,30.658511,80241.6944544693
PARK_109,公园,公园,公园绿地,琴台故径,四川省成都市青羊区琴台路与通惠门路交叉口西南30米,青羊区,104.043719,30.663012,11145.9374592206
PARK_110,公园,公园,公园绿地,文化公园,成都市青羊区琴台路73号,青羊区,104.041008,30.662809,74603.3903964098
PARK_112,公园,公园,公园绿地,成都画院,四川省成都市青羊区下同仁路80号,青羊区,104.049715,30.667622,2308.22898361876
PARK_120,公园,公园,公园绿地,成都国际友城馆,成都市青羊区天府广场人民西路2号,青羊区,104.062305,30.661382,7823.8254672657
PARK_121,公园,公园,公园绿地,摩诃池,四川省成都市青羊区人民中路1段22号附10号,青羊区,104.061265,30.666935,36817.1301200779
PARK_122,公园,公园,公园绿地,平安桥天主教堂,四川省成都市青羊区西华门街25号,青羊区,104.05939,30.666383,2584.82328699135
PARK_123,公园,公园,公园绿地,万有真原,四川省成都市青羊区西华门街32-3号,青羊区,104.059382,30.666896,5780.25862252634
PARK_125,公园,公园,公园绿地,黄忠祠游园,成都市金牛区星河街西延雅舍东侧,金牛区,104.014127,30.689713,3579.82447325795
PARK_126,公园,公园,公园绿地,苏坡公园,四川省成都市青羊区西环三路四段341附近,青羊区,103.996396,30.693275,37816.5594152024
PARK_127,公园,公园,公园绿地,金沙滨河公园,四川省成都市金牛区金泽路200号,金牛区,104.001016,30.688719,84454.3344493388
PARK_128,公园,公园,公园绿地,黄忠公园,同德街6号附近,金牛区,104.002938,30.689472,52522.5492392615
PARK_129,公园,公园,公园绿地,清水河清波公园,四川省成都市青羊区金辉路,青羊区,103.979527,30.682328,79214.7914380299
PARK_130,公园,公园,公园绿地,茶文化公园,成都市金牛区育仁西路31号,金牛区,104.015927,30.702578,46693.4930505974
PARK_131,公园,公园,公园绿地,中国小镇(A区),四川省成都市金牛区两河路555号,金牛区,103.976959,30.709914,146969.267284231
PARK_132,公园,公园,公园绿地,城西清波体育公园,金辉路267号,青羊区,103.984559,30.685476,15788.8140763273
PARK_133,公园,公园,公园绿地,金博路绿地公园,四川省成都市金牛区同和路99号9栋1单元,金牛区,104.010506,30.687801,16206.1353733959
PARK_138,公园,公园,公园绿地,金泉运动公园,四川省成都市金牛区土龙路39号,金牛区,103.975213,30.715036,221658.258431729
PARK_139,公园,公园,公园绿地,三叶主题公园,成都市金牛区两河西三路远洋朗郡东侧约50米,金牛区,103.979037,30.71856,13767.7230183883
PARK_141,公园,公园,公园绿地,石人公园,四川省成都市青羊区石人北路2号,青羊区,104.02738,30.678115,16376.4386762989
PARK_143,公园,公园,公园绿地,金牛公园,四川省成都市金牛区茶店子路385号附17号,金牛区,104.022575,30.705775,35750.6987015645
PARK_144,公园,公园,公园绿地,童叟园,成都市金牛区怡泽苑斜对面,金牛区,104.036855,30.707925,5293.29931245079
PARK_145,公园,公园,公园绿地,新金牛公园-D区,成都市金牛区茶店子路119号新金牛公园,金牛区,104.029594,30.697394,21594.8600003705
PARK_146,公园,公园,公园绿地,新金牛公园,成都市金牛区茶店子路119号,金牛区,104.025903,30.700705,144085.562085799
PARK_147,公园,公园,公园绿地,九里堤公园,成都市金牛区九里堤南路97号附近,金牛区,104.053642,30.694233,18093.6155889422
PARK_148,公园,公园,公园绿地,永陵公园,成都市永陵路10号,金牛区,104.04483,30.6769,60817.1190938838
PARK_149,公园,公园,公园绿地,王建墓,成都市金牛区永陵路9号,金牛区,104.044737,30.675812,60817.1190938838
PARK_151,公园,公园,公园绿地,西体园,成都市金牛区西体路8号附10号,金牛区,104.057997,30.686273,4455.02854878356
PARK_152,公园,公园,公园绿地,府南河,成都市金牛区西北桥河边街1-附2号附近,金牛区,104.058587,30.686368,8020.8565037195
PARK_153,公园,公园,公园绿地,蜀道园,四川省成都市金牛区蓉北商贸大道1段111号恒业国际一区1楼7号,金牛区,104.060265,30.711593,3055.63363496102
PARK_155,公园,公园,公园绿地,和睦园,成都市金牛区九里堤北路13号,金牛区,104.047456,30.711059,3782.33113817066
PARK_158,公园,公园,公园绿地,沙河源公园,九里堤北路88号,金牛区,104.050116,30.720478,110229.129411399
PARK_159,公园,公园,公园绿地,府河摄影公园,四川省成都市金牛区北三环路一段南,金牛区,104.042328,30.723351,83340.3762279711
PARK_160,公园,公园,公园绿地,新桥明园,新泉路与长和路交叉口东50米,金牛区,104.042148,30.714764,13615.9992607461
PARK_161,公园,公园,公园绿地,绿里 Green Mile（上新桥公园）,成都市金牛区金丰高架桥沙河源街道新桥社区东北侧约140米,金牛区,104.045378,30.721652,39780.1923099372
PARK_163,公园,公园,公园绿地,成都市新桥公园,四川省成都市金牛区九里堤北路与新泉路交汇处西南150米,金牛区,104.047171,30.718366,65470.4623174947
PARK_165,公园,公园,公园绿地,锦江公园·亲水园,四川省成都市金牛区金丰高架桥成都市第四十四中学校西南侧约110米,金牛区,104.047497,30.722702,43714.0993958577
PARK_167,公园,公园,公园绿地,成都江滩公园,四川省成都市高新区世纪城路,武侯区,104.078451,30.55748,236206.113102683
PARK_169,公园,公园,公园绿地,桂龙公园,四川省成都市高新区世纪城南路67号附近,武侯区,104.071785,30.546815,58939.3594369996
PARK_171,公园,公园,公园绿地,汇尚公园,成都市武侯区吉庆四路与吉瑞二路交叉路口往东约110米,武侯区,104.064368,30.560918,35141.4253179329
PARK_173,公园,公园,公园绿地,交子公园,四川省成都市高新区天府大道北段辅路,武侯区,104.070289,30.585009,187164.924185651
PARK_175,公园,公园,公园绿地,生机之塔,四川省成都市武侯区桂溪街道K大道西,武侯区,104.067827,30.569343,12952.4599690592
PARK_176,公园,公园,公园绿地,桂溪生态公园-东区,四川省成都市高新区世纪城东路9号(四川电视台对面),武侯区,104.070955,30.565756,411280.110910777
PARK_177,公园,公园,公园绿地,天府立交西游园,四川省成都市武侯区天晖北街99号,武侯区,104.063405,30.599232,54681.8312520147
PARK_181,公园,公园,公园绿地,交子VC露营基地,四川省成都市锦江区金融城(金融城东地铁站A口步行440米),锦江区,104.0794,30.582504,9503.53511911459
PARK_186,公园,公园,公园绿地,锦江198.LOHAS绿道,四川省成都市锦江区锦江大道旁,锦江区,104.114162,30.587596,8779.06257359668
PARK_187,公园,公园,公园绿地,水井坊锦江体育公园,四川省成都市锦江区经天东路与南三环路二段交叉口东北角,锦江区,104.110403,30.600162,126088.351969535
PARK_190,公园,公园,公园绿地,梅香湖,四川省成都市锦江区锦江大道幸福梅林景区内(游客中心后面),锦江区,104.134704,30.588486,82753.2285477651
PARK_191,公园,公园,公园绿地,三圣玫瑰谷,成都市锦江区滨湖路399号,锦江区,104.134955,30.583178,49348.1290200626
PARK_193,公园,公园,公园绿地,卓锦公园,四川省成都市锦江区卓锦城斜对面,锦江区,104.133209,30.600122,10710.8331984338
PARK_194,公园,公园,公园绿地,伊藤纪念樱花园,成都市醉香路(精品梅桩盆景园对面),锦江区,104.129788,30.588467,38084.0473665809
PARK_196,公园,公园,公园绿地,高攀小游园,四川省成都市武侯区火车南站街道高攀路阳光春天西门,武侯区,104.079001,30.61249,2339.01390580966
PARK_197,公园,公园,公园绿地,驿站滨河休息广场,四川省成都市武侯区顺锦路凯天社区西北侧约220米,武侯区,104.080442,30.604384,44594.9633964389
PARK_198,公园,公园,公园绿地,老成都民俗公园,四川省成都市武侯区人民南路立交桥下,武侯区,104.064848,30.621074,2873.25991955555
PARK_199,公园,公园,公园绿地,科苑,四川省成都市武侯区人民南路四段9号16室,武侯区,104.069819,30.633309,2920.78783271342
PARK_200,公园,公园,公园绿地,沙河东篱翠湖公园,四川省成都市锦江区萃锦西路,锦江区,104.089299,30.610078,138491.923529631
PARK_201,公园,公园,公园绿地,爱乐园,四川省成都市锦江区晨辉东路183号,锦江区,104.10161,30.6083,5625.53064695589
PARK_202,公园,公园,公园绿地,府河文体公园,四川省成都市锦江区翠风路408号,锦江区,104.086251,30.606637,11084.6163509627
PARK_203,公园,公园,公园绿地,彩蝶游园,成都市锦江区晨辉东路89号,锦江区,104.099096,30.609153,5779.54300126824
PARK_204,公园,公园,公园绿地,东湖公园,成都市锦江区二环路东五段299号,锦江区,104.085212,30.619273,265971.389902745
PARK_205,公园,公园,公园绿地,橡树林滨河公园,成都市锦江区橡树林路166号,锦江区,104.088221,30.625444,14683.0748053858
PARK_208,公园,公园,公园绿地,听荷池,四川省成都市武侯区一环路南一段24号四川大学(望江校区)望江校区中心，钟亭旁,武侯区,104.087338,30.634478,10392.4386100261
PARK_217,公园,公园,公园绿地,思蜀园,四川省成都市锦江区锦官驿街道天仙桥南路5-6号,锦江区,104.081776,30.647179,31864.0730078038
PARK_218,公园,公园,公园绿地,四川科技馆,四川省成都市青羊区人民中路一段16号,青羊区,104.063214,30.662506,56812.7551792062
PARK_219,公园,公园,公园绿地,基督教上翔堂,上翔街20号,青羊区,104.06786,30.663875,4794.8013614962
PARK_220,公园,公园,公园绿地,成都市后子门游园,成都市青羊区人民中路一段西华门街-24号院东南侧约50米,青羊区,104.063259,30.664277,3269.29589346174
PARK_222,公园,公园,公园绿地,爱道堂,成都市青羊区通顺桥街34号,青羊区,104.071867,30.674515,5158.40975424295
PARK_227,公园,公园,公园绿地,九眼桥码头旧址,四川省成都市武侯区诚信食府东北(丝管路北),武侯区,104.085398,30.643017,8996.83276670948
PARK_228,公园,公园,公园绿地,成华区雕塑公园,成都市成华区双林中横路8号,成华区,104.104079,30.654185,3995.75625120924
PARK_230,公园,公园,公园绿地,新华公园,四川省成都市成华区双林路87号,成华区,104.103097,30.658734,95882.4894314851
PARK_231,公园,公园,公园绿地,成华公园,四川省成都市成华区猛追湾街22号,成华区,104.092499,30.669884,69989.776800889
PARK_233,公园,公园,公园绿地,活水公园,四川省成都市锦江区华星路18号-附2-3号,锦江区,104.08886,30.670934,26060.8800395456
PARK_235,公园,公园,公园绿地,猛追湾游园,成都市成华区猛追湾街景泰南侧,成华区,104.09505,30.666487,3315.73830513073
PARK_236,公园,公园,公园绿地,红星路三十五号文化创意产业园,成都市红星路一段35号,锦江区,104.085421,30.668687,13256.3879584426
PARK_237,公园,公园,公园绿地,映艳园,成都市青羊区大安东路与小关庙后街交叉路口往东南约160米,青羊区,104.085345,30.672894,14807.9930873666
PARK_238,公园,公园,公园绿地,晨辉路公园,四川省成都市锦江区中环路锦绣大道段与经天东路交叉口北约140米,锦江区,104.108883,30.608718,101772.929776865
PARK_239,公园,公园,公园绿地,大观堰公园,成都市锦绣大道3557号,锦江区,104.127594,30.61794,30418.5260616025
PARK_241,公园,公园,公园绿地,劼人公园,成都市锦江区劼人路四川邮电职业技术学院南侧约70米,锦江区,104.121073,30.61953,31304.9181287873
PARK_242,公园,公园,公园绿地,成都市李劼人故居纪念馆,成都市锦江区菱窠西路70号,锦江区,104.122018,30.62118,4180.28988866743
PARK_243,公园,公园,公园绿地,成都市东部副中心市政景观公园,四川省成都市锦江区茶花街及百日红西路间(南三环路一段外),锦江区,104.140615,30.604079,275215.319196852
PARK_244,公园,公园,公园绿地,成都市东部副中心市政景观公园-2区,成都市锦江区百日红西路与红豆树街交叉路口往东南约150米,锦江区,104.137103,30.606411,33892.7480842015
PARK_245,公园,公园,公园绿地,东站绿轴公园,四川省成都市成华区百日红西路与枫树街交叉路口往西约110米,成华区,104.129448,30.634591,56687.4771891908
PARK_247,公园,公园,公园绿地,中央公园(双福三路),成都市成华区双成二路与双福三路交叉路口往东南约110米,成华区,104.114098,30.649165,11566.7380947608
PARK_248,公园,公园,公园绿地,双桂公园-东区,成都市成华区双桂路31号,成华区,104.112766,30.643797,4861.39040385547
PARK_249,公园,公园,公园绿地,东郊记忆,成都市成华区建设南路中段4号(近成都工业博物馆),成华区,104.120356,30.671144,146385.764946751
PARK_250,公园,公园,公园绿地,麻石烟云公园,四川省成都市成华区二环路东二段22正东方向130米,成华区,104.110852,30.668105,22432.5632613901
PARK_252,公园,公园,公园绿地,沙河城市公园,四川省成都市成华区杉板桥路建设南路交叉路口,成华区,104.117937,30.668511,24590.5064412627
PARK_253,公园,公园,公园绿地,方家河公园,四川省成都市成华区枫丹路,成华区,104.125917,30.675283,27000.1747693522
PARK_254,公园,公园,公园绿地,成华柳林游园,成都市成华区成华大道杉板桥路68号,成华区,104.114751,30.664767,18921.9154135181
PARK_255,公园,公园,公园绿地,高铁城市公园,四川省成都市成华区迎晖路55号,成华区,104.144301,30.639767,40493.3403720899
PARK_257,公园,公园,公园绿地,槐树店公园,成都市成华区槐树店北三路与跳蹬河南路交叉路口往东南约60米,成华区,104.130614,30.655052,29843.5494041471
PARK_258,公园,公园,公园绿地,双拥国防主题公园,成都市成华区槐柳四路成都市建筑职业中专校西北侧约60米,成华区,104.147546,30.644406,3055.44955216409
PARK_259,公园,公园,公园绿地,杉板桥公园,成都市成华区崔家店北二路与崔家店北一路交叉路口往东北约210米,成华区,104.12995,30.671647,54522.2598779038
PARK_260,公园,公园,公园绿地,城东体育公园,四川省成都市成华区城南高速公路成都理工大学南侧150米,成华区,104.146915,30.671881,72523.8416162903
PARK_261,公园,公园,公园绿地,保和公园,四川省成都市成华区和悦路和悦庭苑(B区)东侧约30米,成华区,104.146908,30.660609,28403.0660677614
PARK_262,公园,公园,公园绿地,城东体育公园二期,四川省成都市成华区G42(沪蓉高速),成华区,104.143213,30.671568,62759.043958152
PARK_263,公园,公园,公园绿地,文殊院,四川省成都市青羊区文殊院街66号,青羊区,104.07013,30.677805,51473.6567509904
PARK_264,公园,公园,公园绿地,香雪园,四川省成都市金牛区白马寺街10西南方向190米,金牛区,104.063293,30.683979,8747.0927987621
PARK_265,公园,公园,公园绿地,文殊坊,成都市青羊区文殊院街66号,青羊区,104.07007,30.676786,152198.452037061
PARK_266,公园,公园,公园绿地,岁寒园,成都市青羊区武都路与五丁桥交叉路口往东约90米,青羊区,104.063397,30.683256,15478.7035156772
PARK_270,公园,公园,公园绿地,升仙湖公园,四川省成都市成华区升仙湖北路与双沙桥路交叉口东150米,成华区,104.080366,30.710549,92195.2818603787
PARK_271,公园,公园,公园绿地,三洞古桥公园,成都市成华区三友路217号附1号,成华区,104.092439,30.688661,48435.8480038736
PARK_272,公园,公园,公园绿地,红楼1956,成都市成华区府青路三段5号,成华区,104.100931,30.689024,10683.3176423112
PARK_275,公园,公园,公园绿地,高车三路绿地公园,成都市成华区高车三路合能铂悦府南侧约160米,成华区,104.099225,30.695301,9885.5326164619
PARK_280,公园,公园,公园绿地,长颈鹿馆,成都市成华区昭觉寺南路234号成都动物园内,成华区,104.105019,30.71039,2723.52520377764
PARK_285,公园,公园,公园绿地,至真观,北星大道一段1918号附3号,金牛区,104.080947,30.740634,7773.22490271377
PARK_286,公园,公园,公园绿地,成华二仙桥公园,四川省成都市成华区二仙桥北一路4号,成华区,104.12015,30.689195,123397.372193741
PARK_288,公园,公园,公园绿地,五彩公园,四川省成都市成华区青龙场致力路与致力东街交汇处东北角(近青龙场公交站),成华区,104.11537,30.705734,18312.5804169472
PARK_289,公园,公园,公园绿地,滑板公园,四川省成都市成华区二仙桥街道二仙桥北路31号,成华区,104.129377,30.688937,5119.95927552399
PARK_290,公园,公园,公园绿地,海滨公园,荆竹东路264号,成华区,104.115426,30.710814,150912.36010056
PARK_291,公园,公园,公园绿地,成都东郊记忆艺术区,四川成都市成华区二仙桥31号,成华区,104.123697,30.684933,23934.2012046063
PARK_292,公园,公园,公园绿地,圣灯公园,成华大道和物流大道交汇处,成华区,104.145061,30.686989,82662.3118706296
PARK_293,公园,公园,公园绿地,红仓完美文创公园,四川省成都市成华区二仙桥西路398号,成华区,104.118063,30.68908,54099.1797965732
PARK_294,公园,公园,公园绿地,海滨公园-北区,荆竹东路264号,成华区,104.115778,30.712342,75024.2905437897
PARK_299,公园,公园,公园绿地,星星产房,四川省成都市金牛区天回镇街道翠微路,金牛区,104.135899,30.748375,8826.1639504156
PARK_301,公园,公园,公园绿地,天鹅湖,外北三环熊猫大道1375号成都大熊猫繁育研究基地内,成华区,104.144437,30.738297,23016.198977545
PARK_305,公园,公园,公园绿地,蜀道通衢园,太华社区公交站,金牛区,104.078928,30.783049,87927.6119650037
PARK_306,公园,公园,公园绿地,九道堰公园,成都市新都区幸福街凤凰山-1号东北侧约40米,金牛区,104.093461,30.762344,31956.8492688456
PARK_308,公园,公园,公园绿地,毗河木龙湾绿道,成都市新都区金凤凰大道与聚霞路交叉路口西北侧,金牛区,104.098516,30.794934,164357.399919349
PARK_311,公园,公园,公园绿地,一叶禅林,四川省成都市金牛区天河大道148号,金牛区,104.120082,30.778363,266344.170020519
PARK_315,公园,公园,公园绿地,汐谷云居花卉文化村,成万路336号,锦江区,104.163671,30.574452,18760.5151033027
PARK_316,公园,公园,公园绿地,成华和美公园,四川省成都市成华区万科路115附近,成华区,104.151376,30.630108,26871.7664885368
PARK_317,公园,公园,公园绿地,龙潭水乡,四川省成都市成华区航天路88号,成华区,104.179234,30.690266,121843.520094472
PARK_321,公园,公园,公园绿地,龙潭客家人口文化公园,成都市成华区同乐东一巷与同乐南二巷交叉路口往南约230米,成华区,104.165181,30.715698,10777.2753080416
PARK_322,公园,公园,公园绿地,成都龙潭汽车运动公园,四川省成都市成华区桂林北路与桂龙西二路交叉口北180米,成华区,104.181832,30.722339,56406.3408912038
PARK_323,公园,公园,公园绿地,望湖楼,成都市成华区客风路(成华区龙潭乡秀水村卫生站西北),成华区,104.155233,30.716607,17900.1896506569
PARK_324,公园,公园,公园绿地,龙潭新区公园,四川省成都市成华区成宏路72号,成华区,104.194899,30.694458,97329.2341584466
PARK_326,公园,公园,公园绿地,川西营文体休闲广场,成都市武侯区金川北路龙吟国际-B区北侧,武侯区,103.95047,30.65572,3408.42512755131
PARK_327,公园,公园,公园绿地,国际非物质文化遗产博览园-祈福文化广场,青羊区G4201成都绕城高速,青羊区,103.93217,30.668872,4417.49119665177
PARK_328,公园,公园,公园绿地,精诚生活广场,文家场精城花园二期,青羊区,103.926911,30.701123,6417.46947120068
PARK_329,公园,公园,公园绿地,文家社区广场,四川省成都市青羊区文兴东路54号,青羊区,103.925473,30.700945,16482.4427933717
PARK_330,公园,公园,公园绿地,高坎广场,成都市青羊区土龙路,青羊区,103.948174,30.719739,2445.52103657736
PARK_332,公园,公园,公园绿地,鹭洲里西广场,四川省成都市武侯区石羊场街道天府二街1033号一善菌,武侯区,104.039264,30.552359,77337.2706455813
PARK_333,公园,公园,公园绿地,新南社区廉政文化广场,成都市武侯区昆阳路与仁和东街交叉路口往西约70米,武侯区,104.036024,30.580753,8644.94662952086
PARK_334,公园,公园,公园绿地,2号湖广场,成都市武侯区剑南大道北段锦城湖,武侯区,104.043057,30.576977,5529.29809461481
PARK_335,公园,公园,公园绿地,下沉广场,四川省成都市武侯区府城大道中段88号,武侯区,104.061879,30.592347,11866.2352756299
PARK_336,公园,公园,公园绿地,邓小平广场,四川省成都市武侯区金履三路二期6栋,武侯区,103.98782,30.609164,11463.783871238
PARK_338,公园,公园,公园绿地,成都花园广场,四川省成都市青羊区青羊大道8号,青羊区,104.00713,30.66014,12475.6227822281
PARK_339,公园,公园,公园绿地,东坡休闲广场,四川省成都市青羊区清风街90号,青羊区,104.004048,30.662781,41144.8002506397
PARK_340,公园,公园,公园绿地,优品道广场,成都市青羊区中环路青羊大道段优诺国际,青羊区,104.005111,30.665426,17359.0232805429
PARK_341,公园,公园,公园绿地,西南财经大学-阳光广场,四川省成都市青羊区光华村街55号,青羊区,104.012239,30.669425,10716.8862616873
PARK_342,公园,公园,公园绿地,庆安文化休闲广场,成都市武侯区新雅街4号,武侯区,104.028645,30.60462,7519.32739296452
PARK_343,公园,公园,公园绿地,方糖funtown广场,成都市武侯区长益路昌河蓝天汽车销售服务有限公司,武侯区,104.025461,30.630132,16283.0300513621
PARK_345,公园,公园,公园绿地,安信广场,四川省成都市武侯区新北街1号d区,武侯区,104.041417,30.606384,3615.89200161473
PARK_346,公园,公园,公园绿地,紫竹广场,成都市武侯区高新区紫荆东路55号,武侯区,104.051347,30.616936,5921.32236045417
PARK_348,公园,公园,公园绿地,维信广场,四川省成都市武侯区维信街4号,武侯区,104.040925,30.637083,2189.0657709407
PARK_351,公园,公园,公园绿地,碧云广场,四川省成都市武侯区碧云路1号,武侯区,104.027403,30.642407,10164.9167226232
PARK_352,公园,公园,公园绿地,武侯生活广场,成都市武侯区二环路西一段2号,武侯区,104.029668,30.639324,11668.0122562834
PARK_355,公园,公园,公园绿地,洗面桥文化广场,成都市武侯区洗面桥街与洗面桥横街交叉路口,武侯区,104.052667,30.642131,3250.61814362366
PARK_356,公园,公园,公园绿地,拒霜园,成都市青羊区文翁路2号,青羊区,104.055259,30.650718,5423.38271635234
PARK_357,公园,公园,公园绿地,尊经广场,成都市青羊区文庙西街冠城花园北侧约30米,青羊区,104.049229,30.657799,3989.16430272287
PARK_359,公园,公园,公园绿地,山水广场,四川省成都市青羊区祠堂街162号,青羊区,104.057542,30.658786,2505.00173369828
PARK_360,公园,公园,公园绿地,八宝广场,四川省成都市青羊区八宝街19号,青羊区,104.05822,30.674733,5741.90357946752
PARK_361,公园,公园,公园绿地,清波人口文化广场,成都市青羊区蜀清路东立清水河畔西北侧约40米,青羊区,103.984118,30.679718,3171.86574604512
PARK_362,公园,公园,公园绿地,金科苑广场,成都市金牛区金科苑路与金科苑中街交叉路口往南约60米,金牛区,103.985497,30.71307,5918.88913590679
PARK_363,公园,公园,公园绿地,同德广场,四川省成都市青羊区同德街8号,青羊区,104.01831,30.683605,8812.30074070698
PARK_364,公园,公园,公园绿地,迎宾广场(金牛大道金牛坝路),四川成都市金牛区迎宾大道165号二期3栋2单元,金牛区,104.013101,30.716262,8795.07747910508
PARK_365,公园,公园,公园绿地,荣德体育休闲广场,成都市青羊区清溪东路99号,青羊区,104.023072,30.679084,22176.3928486721
PARK_367,公园,公园,公园绿地,生态园川菜啤酒广场,四川成都市金牛区金琴路10号,金牛区,104.032585,30.678929,3545.07141055552
PARK_370,公园,公园,公园绿地,为民广场,成都市金牛区为民路28号,金牛区,104.043401,30.690972,4676.73468197027
PARK_371,公园,公园,公园绿地,和谐金牛广场,沙湾路65号,金牛区,104.049039,30.693667,6035.30379051849
PARK_372,公园,公园,公园绿地,九里生活广场,四川省成都市金牛区星河路68号,金牛区,104.045096,30.709456,4899.44546185773
PARK_373,公园,公园,公园绿地,欢乐广场,四川省成都市金牛区西华大道16号,金牛区,104.032522,30.721987,4219.6225214022
PARK_375,公园,公园,公园绿地,沙河源汇泽路社区文化广场,成都市金牛区嘉泽路与朗润路交叉路口往南约100米,金牛区,104.060095,30.72975,3543.45035911121
PARK_376,公园,公园,公园绿地,陆家桥社区文化活动广场,成都市金牛区新荷路成都市金牛区五月花中小学校(国嘉路)东北侧约270米,金牛区,104.054188,30.747391,2001.81483769382
PARK_377,公园,公园,公园绿地,锦城广场,天府大道北段1656号,武侯区,104.064435,30.571356,116113.568201303
PARK_379,公园,公园,公园绿地,成都烟厂时代广场,四川成都市锦江区成龙大道一段305号时代广场4楼,锦江区,104.128275,30.599051,35965.0419671804
PARK_381,公园,公园,公园绿地,金菊广场,成都市锦江区赏菊路三圣花乡,锦江区,104.141159,30.578508,6693.89525554051
PARK_382,公园,公园,公园绿地,梅花大观广场,成都市锦江区锦江大道与幸福路交叉路口往西南约230米,锦江区,104.129329,30.590546,2447.33811636699
PARK_383,公园,公园,公园绿地,和平社区广场,四川省成都市武侯区天和路307号,武侯区,104.070607,30.605991,6370.23488817494
PARK_384,公园,公园,公园绿地,十街坊广场,四川省成都市武侯区长寿路十街坊13号附9号,武侯区,104.071819,30.613121,4626.86715978389
PARK_385,公园,公园,公园绿地,棕南树荫广场,四川省成都市武侯区棕南西街2号,武侯区,104.072092,30.624569,2375.40969343198
PARK_386,公园,公园,公园绿地,耍街科华广场,四川省成都市武侯区科华北路143号,武侯区,104.074862,30.625689,6788.45669452863
PARK_389,公园,公园,公园绿地,成都市武海阳光广场,四川省成都市锦江区经天路2号,锦江区,104.095873,30.604797,2496.06993837493
PARK_390,公园,公园,公园绿地,锦华广场,四川省成都市锦江区锦华路一段68号锦华万达广场锦华里1楼,锦江区,104.096269,30.62437,4254.51390769525
PARK_391,公园,公园,公园绿地,天一广场,成都市锦江区人民南路二段30号,锦江区,104.063081,30.653299,3457.9126152817
PARK_392,公园,公园,公园绿地,府南河音乐广场,四川省成都市武侯区致民东路19号,武侯区,104.080664,30.644669,2190.35329091508
PARK_393,公园,公园,公园绿地,东升广场,四川省成都市锦江区东升街253号102号,锦江区,104.075076,30.653072,2199.36191824117
PARK_394,公园,公园,公园绿地,太古里东广场,四川省成都市锦江区锦官驿街道中纱帽街8号成都远洋太古里,锦江区,104.081202,30.655092,57195.7418753855
PARK_395,公园,公园,公园绿地,天府广场,成都市青羊区人民南路一段86号(天府广场地铁站出入口步行50米),青羊区,104.063435,30.659857,50455.7772201575
PARK_396,公园,公园,公园绿地,亅pt中山广场,成都市锦江区春熙路北段,锦江区,104.074439,30.657549,3327.90011793437
PARK_397,公园,公园,公园绿地,成华区法治文化广场,四川省成都市成华区建设南街23号,成华区,104.104592,30.668962,4776.92260940245
PARK_398,公园,公园,公园绿地,万科城市花园广场,四川省成都市锦江区花园街31号,锦江区,104.11116,30.619074,14219.3218362234
PARK_400,公园,公园,公园绿地,乐活广场,四川省成都市锦江区樱花街1156号,锦江区,104.143074,30.611078,2002.95561920767
PARK_402,公园,公园,公园绿地,睦邻锦绣广场,成都市成华区东秀二路呈祥名居东北侧,成华区,104.11483,30.65985,2656.99863594423
PARK_403,公园,公园,公园绿地,客家文化广场,成都市成华区崔家店路与跳蹬河北路交叉路口往东约50米,成华区,104.123705,30.659993,3357.00392312207
PARK_408,公园,公园,公园绿地,生命广场,北三环路三段429号成都露天音乐公园,金牛区,104.079465,30.725227,2357.91758946406
PARK_410,公园,公园,公园绿地,红仓广场,二仙桥西北路东星名居,成华区,104.116827,30.68932,4831.46073914435
PARK_413,公园,公园,公园绿地,银杏园和谐人口文化广场,成都市金牛区严家祠路与银杏园路交叉路口东南侧,金牛区,104.131759,30.755761,9413.87901774343
PARK_414,公园,公园,公园绿地,水景广场,成都市锦江区三圣乡花博会展场正对面,锦江区,104.154854,30.584854,12856.5968059229
PARK_415,公园,公园,公园绿地,连心广场,四川省成都市成华区华康路与成宏路交叉口东100米,成华区,104.167574,30.695618,3815.83859479068
PARK_416,公园,公园,公园绿地,同乐广场,成都市成华区成华大道北段66号,成华区,104.166829,30.712132,4336.80656328217
PARK_417,公园,公园,公园绿地,法治文化广场,四川省成都市成华区同乐南二巷北湖印象小区-五期西南侧约50米,成华区,104.165567,30.718662,2797.58993329866
PARK_418,公园,公园,公园绿地,民俗广场,四川成都市成华区同乐北二巷北湖印象4期21号,成华区,104.165527,30.721733,8250.14391300259
GYM_4,体育馆,体育馆,体育场馆,阿迪达斯20号体育公园,金航路53号,武侯区,103.964995,30.598412,14365.305039406
GYM_5,体育馆,体育馆,体育场馆,Braw Dream博骏邦腾马术运动中心,非遗大道601非物质文化遗产博览园,青羊区,103.928185,30.668368,18041.348879986
GYM_6,体育馆,体育馆,体育场馆,百灵鸟吉翔羽毛球馆,四川省成都市武侯区武兴五路219号,武侯区,103.972233,30.629026,10662.342349446
GYM_7,体育馆,体育馆,体育场馆,水韵天府足球场,四川省成都市武侯区水韵园综合教育基地内,武侯区,103.961295,30.60999,4604.28282037966
GYM_9,体育馆,体育馆,体育场馆,百灵鸟武侯足球公园A区,四川省成都市武侯区九康四路188号,武侯区,103.970122,30.649033,7524.86208019209
GYM_10,体育馆,体育馆,体育场馆,FF体育公园,四川成都市青羊区苏坡乡绕城环线之间万家湾村,青羊区,103.957688,30.664954,151941.877589646
GYM_11,体育馆,体育馆,体育场馆,成都新光速卡丁车俱乐部(青羊店),四川省成都市青羊区乐大路301号,青羊区,103.933591,30.694071,17841.4781978566
GYM_12,体育馆,体育馆,体育场馆,航空工业成飞体育馆,四川省成都市青羊区纬二路276号,青羊区,103.958009,30.702008,16035.4335056645
GYM_13,体育馆,体育馆,体育场馆,康达园足球场,成都市青羊区纬八路成飞康达园东侧约60米,青羊区,103.959139,30.695653,18270.2096226143
GYM_14,体育馆,体育馆,体育场馆,棕榈高尔夫练习场,四川省成都市金牛区美墅街11号中海国际社区体育公园b区399号,金牛区,103.972456,30.718956,42830.8805722849
GYM_15,体育馆,体育馆,体育场馆,众禾空港足球公园,四川省成都市武侯区珠江北路11号成都双台医院旁,武侯区,104.001926,30.580483,6652.28153313307
GYM_16,体育馆,体育馆,体育场馆,成都高新区猎豹足球俱乐部,四川省成都市武侯区昆华路919号10,武侯区,104.027049,30.557008,2063.04431739486
GYM_18,体育馆,体育馆,体育场馆,美洲四季滑雪场,四川省成都市武侯区锦城大道1999号,武侯区,104.029271,30.580482,24597.8117666229
GYM_21,体育馆,体育馆,体育场馆,成都展翔羽毛球馆,四川省成都市武侯区新园南四路75号,武侯区,104.033041,30.594062,11328.5313328727
GYM_23,体育馆,体育馆,体育场馆,锦城文化运动中心,四川省成都市武侯区益州大道北段锦悦西路1666号,武侯区,104.049296,30.573051,6779.8356639899
GYM_24,体育馆,体育馆,体育场馆,潘豆国际网球中心,成都市武侯区天府一街桂溪公园西区,武侯区,104.057377,30.564141,3891.25486255083
GYM_25,体育馆,体育馆,体育场馆,吉瑞南苑网球场(锦尚西二路),四川省成都市武侯区锦城大道865号,武侯区,104.052947,30.577405,6334.83565984504
GYM_26,体育馆,体育馆,体育场馆,吉瑞南苑网球场-A区,成都市武侯区锦尚西二路299号,武侯区,104.052786,30.580625,7047.28875924485
GYM_27,体育馆,体育馆,体育场馆,南城都汇舞蹈瑜伽健身会馆,四川省成都市武侯区和盛西街68号南城都汇会所,武侯区,104.050109,30.59406,13480.5219303204
GYM_28,体育馆,体育馆,体育场馆,索林体育中心,四川省成都市武侯区望锦东街58号,武侯区,103.988139,30.606287,4296.56790800818
GYM_29,体育馆,体育馆,体育场馆,烽火体育中心,四川省成都市武侯区武兴三路12号,武侯区,103.978085,30.63367,2944.46277421351
GYM_30,体育馆,体育馆,体育场馆,OVERMAN篮球馆(武科店),四川省成都市武侯区武科东一路10号,武侯区,103.987787,30.631458,5438.06046522562
GYM_31,体育馆,体育馆,体育场馆,成都市武侯区国家青少年体育俱乐部,四川省成都市武侯区武侯大道双楠段503号,武侯区,104.006172,30.637464,6334.25755519395
GYM_32,体育馆,体育馆,体育场馆,喜柴运动中心(武侯大道店),成都市武侯区太平园东五街金楠国际北侧,武侯区,104.010918,30.636979,16196.1065266544
GYM_33,体育馆,体育馆,体育场馆,成都新光速卡丁车俱乐部(武侯店),四川省成都市武侯区万顺一路8号,武侯区,103.983016,30.656452,8950.24308274717
GYM_34,体育馆,体育馆,体育场馆,科瑞福足球公园,成都市武侯区万景二路成都星秀领域体育公园,武侯区,103.983386,30.655468,12182.9179492781
GYM_35,体育馆,体育馆,体育场馆,海德体育中心,武侯区万顺一路与万景一路交口南100米,武侯区,103.986519,30.653014,14131.2916272508
GYM_38,体育馆,体育馆,体育场馆,天鹅湖高尔夫俱乐部,四川省成都市青羊区东坡路888号,青羊区,103.988193,30.665259,41977.4496335259
GYM_39,体育馆,体育馆,体育场馆,天鹅湖高尔夫练习场,东坡街道东坡路888号,青羊区,103.98764,30.664572,41977.4496335259
GYM_40,体育馆,体育馆,体育场馆,华体运动中心,四川省成都市武侯区吉福路88号磨子桥小学分校侧门,武侯区,104.005581,30.644183,11178.9826047209
GYM_41,体育馆,体育馆,体育场馆,沙堰社区党群服务中心篮球场,成都市武侯区龙腾西路105号附近,武侯区,104.003353,30.655258,2025.71507806827
GYM_42,体育馆,体育馆,体育场馆,大牛足球公园,四川省成都市武侯区武阳大道258号,武侯区,104.00775,30.643697,9329.51700790613
GYM_43,体育馆,体育馆,体育场馆,网尚博羽毛球馆,武侯大道双楠段281号院内,武侯区,104.013699,30.64046,2880.03794925371
GYM_44,体育馆,体育馆,体育场馆,西南财经大学(光华校区)-体育馆,四川省成都市青羊区清江中路35号,青羊区,104.013855,30.672914,12641.0477759271
GYM_45,体育馆,体育馆,体育场馆,杰喜美运动休闲馆,四川省成都市武侯区新乐北街8号,武侯区,104.038057,30.61369,12038.5398090777
GYM_48,体育馆,体育馆,体育场馆,新北足球中心,四川省成都市武侯区新乐北街8号附1号,武侯区,104.036936,30.614451,5525.90585901199
GYM_49,体育馆,体育馆,体育场馆,四川省运动技术学院-综合训练馆,体育职业学院太平寺校区内,武侯区,104.025314,30.602775,12927.6641422666
GYM_50,体育馆,体育馆,体育场馆,曲棍球训练场,四川省成都市武侯区太平寺西路17号,武侯区,104.022188,30.603314,75048.8237588886
GYM_51,体育馆,体育馆,体育场馆,悦翼羽毛球一号馆,四川省成都市武侯区董家湾南街5号,武侯区,104.025434,30.625116,2309.14839116496
GYM_52,体育馆,体育馆,体育场馆,成都高新网球中心,四川省成都市武侯区神仙树南路10号,武侯区,104.044089,30.609175,3579.40211514122
GYM_53,体育馆,体育馆,体育场馆,成都新阵地高尔夫俱乐部,四川省成都市武侯区神仙树南路10号,武侯区,104.043557,30.611034,43281.1154100203
GYM_56,体育馆,体育馆,体育场馆,四川省老年人体育活动中心,四川省成都市武侯区玉林北巷7号,武侯区,104.060158,30.633266,7884.4104988519
GYM_57,体育馆,体育馆,体育场馆,成都体育学院-综合馆,四川省成都市武侯区一环路西1段-15号,武侯区,104.039736,30.647556,11762.5174712758
GYM_58,体育馆,体育馆,体育场馆,成都体育学院-体操馆,四川省成都市武侯区一环路西1段-19号,武侯区,104.040029,30.648268,3931.21464446077
GYM_59,体育馆,体育馆,体育场馆,浣花网球场,青华路9号浣花溪公园内,青羊区,104.024689,30.657244,2940.35956138207
GYM_60,体育馆,体育馆,体育场馆,篮球场(一区),成都市武侯区一环路西一段19号,武侯区,104.041118,30.648562,3553.2305870933
GYM_61,体育馆,体育馆,体育场馆,成都体育学院室外篮球场-二区,成都市武侯区一环路西一段19号,武侯区,104.041015,30.648016,2219.09464491687
GYM_62,体育馆,体育馆,体育场馆,星工厂足球俱乐部,四川省成都市青羊区金鹏街291号,青羊区,103.994341,30.682303,11445.5134113754
GYM_63,体育馆,体育馆,体育场馆,成都市金牛足球公园,成都市金牛区黄金路保利梧桐语正对面,金牛区,103.986868,30.709143,16691.8082635811
GYM_64,体育馆,体育馆,体育场馆,零贰捌No·028青少年篮球俱乐部-西区,四川省成都市青羊区清江中路58号,青羊区,104.005677,30.675801,3105.48318341683
GYM_66,体育馆,体育馆,体育场馆,我爱玩运动生活馆(篮球羽毛球),四川省成都市金牛区黄苑街4号,金牛区,104.01078,30.68858,6403.65561762739
GYM_67,体育馆,体育馆,体育场馆,金沙大牛竞技场,四川省成都市金牛区金博路8号,金牛区,104.011818,30.687175,10441.7594679559
GYM_71,体育馆,体育馆,体育场馆,成都市金牛区体育中心,四川省成都市金牛区营门口路278号,金牛区,104.03208,30.6937,84385.1741568754
GYM_72,体育馆,体育馆,体育场馆,青羊体育中心,四川省成都市金牛区西体路2号,金牛区,104.055193,30.68326,29746.915207254
GYM_73,体育馆,体育馆,体育场馆,西南交通大学九里校区-篮球场,四川省成都市金牛区二环路北一段111号西南交通大学九里校区,金牛区,104.051948,30.701591,9540.34541040262
GYM_74,体育馆,体育馆,体育场馆,成铁体育中心,四川省成都市金牛区玉居庵西路4号,金牛区,104.06015,30.702143,14311.0857073803
GYM_75,体育馆,体育馆,体育场馆,成都铁路局文体中心(站西桥西巷5号院北),四川省成都市金牛区玉居庵西路4号,金牛区,104.061037,30.702653,4603.16092914388
GYM_76,体育馆,体育馆,体育场馆,西南交通大学-詹天佑体育馆,四川省成都市金牛区二环路北一段111号,金牛区,104.053779,30.704657,5050.19892338653
GYM_77,体育馆,体育馆,体育场馆,华侨城商业街-高尔夫会所,四川省成都市金牛区西华大道16号,金牛区,104.027324,30.725799,59256.4808014652
GYM_78,体育馆,体育馆,体育场馆,成都市全国重点乒乓球运动学校体育馆,成都市金牛区九里堤北路48号成都市青少年活动中心园区内,金牛区,104.054741,30.713878,2091.70605557818
GYM_79,体育馆,体育馆,体育场馆,洛克公园·篮球(成都桂龙店),世纪城南路67号,武侯区,104.071957,30.545346,3771.13369108158
GYM_81,体育馆,体育馆,体育场馆,本直球馆足球场,四川省成都市武侯区世纪城东路9桂溪生态公园东区,武侯区,104.072059,30.56598,6364.52642624127
GYM_83,体育馆,体育馆,体育场馆,C7城市运动空间,四川省成都市锦江区桦彩路89号,锦江区,104.084653,30.591858,22622.354192405
GYM_84,体育馆,体育馆,体育场馆,文轩体育文化中心,四川省成都市锦江区桦彩路89号,锦江区,104.084965,30.591954,53329.6864497624
GYM_85,体育馆,体育馆,体育场馆,经天320足球公园,四川省成都市锦江区经天西路320号,锦江区,104.099792,30.598851,16625.542602303
GYM_87,体育馆,体育馆,体育场馆,天际线麒志体育足球公园,成都市锦江区江家立交三圣花乡,锦江区,104.111255,30.572787,3424.68984903559
GYM_88,体育馆,体育馆,体育场馆,成都兴城邻里足球公园,石油(娇子外侧加油站)西南,锦江区,104.120519,30.597152,48792.6619195123
GYM_89,体育馆,体育馆,体育场馆,全民运动中心,栀子街1138号,锦江区,104.150091,30.587971,3738.03467924667
GYM_90,体育馆,体育馆,体育场馆,兴城足球公园,成都市锦江区茶花街华熙·528艺术村,锦江区,104.149055,30.598964,15960.6674141292
GYM_92,体育馆,体育馆,体育场馆,皇家YS足球公园,四川省成都市武侯区科华南路近和平小区4期,武侯区,104.0731,30.60819,6652.66388831349
GYM_93,体育馆,体育馆,体育场馆,成都市老年体育活动中心,四川省成都市武侯区金桂路66号,武侯区,104.080003,30.606981,10141.9906190899
GYM_94,体育馆,体育馆,体育场馆,吉瑞东苑网球场,四川省成都市武侯区桂溪路60号,武侯区,104.077326,30.60841,6644.5248441508
GYM_95,体育馆,体育馆,体育场馆,1906羽毛球馆,四川省成都市武侯区高攀路26号中国人民解放军7322工厂,武侯区,104.081502,30.615671,2898.69401961789
GYM_97,体育馆,体育馆,体育场馆,四川省体育馆,四川省成都市武侯区人民南路四段12号,武侯区,104.062894,30.633208,42072.9823082481
GYM_98,体育馆,体育馆,体育场馆,四川大学篮球场,四川省成都市武侯区一环路南一段24号四川大学望江校区,武侯区,104.083634,30.63338,6600.16982476515
GYM_99,体育馆,体育馆,体育场馆,四川大学-望江游泳馆,成都市武侯区学府西路四川大学(望江校区),武侯区,104.080854,30.634647,3653.26845638528
GYM_100,体育馆,体育馆,体育场馆,四川大学体育馆,一环路南1段24号四川大学望江校区,武侯区,104.081221,30.631024,9100.51909764487
GYM_102,体育馆,体育馆,体育场馆,V12创意体育基地,四川省成都市锦江区晨辉西路56号,锦江区,104.093493,30.611012,13563.456561751
GYM_103,体育馆,体育馆,体育场馆,索福德足球世界(晨辉西路店),四川省成都市锦江区晨辉西路56号,锦江区,104.093751,30.611177,7433.11134471537
GYM_105,体育馆,体育馆,体育场馆,四川大学望江校区(东区)网球场,四川省成都市武侯区一环路南一段24号四川大学望江校区,武侯区,104.085928,30.633163,5051.33388991789
GYM_106,体育馆,体育馆,体育场馆,东区运动场(望江校区),四川省成都市武侯区一环路南一段24号四川大学(望江校区)经济学院门口,武侯区,104.085784,30.635415,18369.7345236974
GYM_107,体育馆,体育馆,体育场馆,四川大学华西校区东区-华西体育馆,四川成都市武侯区人民南路三段17号,武侯区,104.065841,30.642843,5113.33676010846
GYM_108,体育馆,体育馆,体育场馆,成都体育中心,四川省成都市青羊区人民中路一段11号,青羊区,104.06486,30.665683,104028.454110699
GYM_110,体育馆,体育馆,体育场馆,成都市猛追湾游泳场(华星路店),四川省成都市锦江区华星路1号,锦江区,104.092418,30.666932,54154.0677970372
GYM_111,体育馆,体育馆,体育场馆,金羽羽毛球馆,四川省成都市锦江区华星路1号,锦江区,104.093211,30.66712,2319.12425421499
GYM_112,体育馆,体育馆,体育场馆,锦江仁德足球主题公园,四川成都市锦江区成龙路街道华兴新居西南,锦江区,104.114458,30.604058,47865.2544538647
GYM_113,体育馆,体育馆,体育场馆,吉瑞东城网球中心(国槐街店),四川省成都市锦江区国槐街50号大观市政公园内,锦江区,104.120935,30.607085,3632.37876160694
GYM_114,体育馆,体育馆,体育场馆,晨辉路公园足球基地,成都市锦江区静思南巷城东雅郡西侧约50米,锦江区,104.111951,30.609056,5758.37281451461
GYM_116,体育馆,体育馆,体育场馆,南洋体育馆,四川省成都市锦江区静安路5号四川师范大学内(近川师南大门),锦江区,104.122267,30.614777,4988.35121439749
GYM_117,体育馆,体育馆,体育场馆,成都市射击运动学校,四川省成都市锦江区静居寺路45号,锦江区,104.111196,30.626976,18519.2353817678
GYM_118,体育馆,体育馆,体育场馆,锦江FF弘纳体育中心,四川省成都市锦江区汇泉北路227号金强蓝鲸篮球训练中心ff,锦江区,104.109211,30.641227,3158.30637572102
GYM_119,体育馆,体育馆,体育场馆,众禾双桥子足球公园,二环路东4段-1号,锦江区,104.107844,30.643899,16917.2280392114
GYM_121,体育馆,体育馆,体育场馆,成都仕艾康足球运动中心,四川省成都市成华区跳蹬河北路177号,成华区,104.11919,30.662892,8678.01994082228
GYM_123,体育馆,体育馆,体育场馆,迎晖篮球排球训练馆,四川省成都市成华区中环路建材路段11号,成华区,104.135737,30.643076,2357.40475684788
GYM_124,体育馆,体育馆,体育场馆,汇萃足球训练基地,成华区跳蹬河南路9号,成华区,104.130435,30.657299,7934.56840818682
GYM_125,体育馆,体育馆,体育场馆,成都理工大学-体育馆,四川省成都市成华区东三路1号,成华区,104.13741,30.675167,5402.46610499352
GYM_126,体育馆,体育馆,体育场馆,成都市城北体育馆,四川省成都市金牛区花圃路9号城北体育馆,金牛区,104.076099,30.683634,21399.8232108594
GYM_127,体育馆,体育馆,体育场馆,电子科技大学沙河校区-体育馆,四川省成都市成华区一环路东一段4号,成华区,104.095058,30.677589,5044.0335116864
GYM_129,体育馆,体育馆,体育场馆,电子科技大学-篮球场,成都市成华区建设北路二段4号电子科技大学内,成华区,104.09611,30.677731,4323.7311314945
GYM_132,体育馆,体育馆,体育场馆,本直东九运动公园足球场,四川省成都市成华区西林一街229号,成华区,104.09473,30.704201,10578.2010104548
GYM_133,体育馆,体育馆,体育场馆,爱球体育青龙场足球场,四川省成都市成华区昭青南路8号,成华区,104.103447,30.702533,2912.78588909302
GYM_134,体育馆,体育馆,体育场馆,侨酱体育馆,成都市成华区驷马桥路1号附1号,成华区,104.103767,30.695934,6305.60901287958
GYM_137,体育馆,体育馆,体育场馆,凤凰山体育公园-专业足球场,四川省成都市金牛区北星大道一段与大天路交叉口北800米,金牛区,104.075987,30.769203,66784.2026244703
GYM_140,体育馆,体育馆,体育场馆,凤凰山体育公园,四川省成都市金牛区北星大道一段与天龙大道交汇处东南侧,金牛区,104.0757,30.770353,277898.831087374
GYM_141,体育馆,体育馆,体育场馆,五粮液文化体育中心-综合体育馆,北星大道一段4228号,金牛区,104.075503,30.771592,29625.8645738173
GYM_142,体育馆,体育馆,体育场馆,中铁产业园篮球馆,成都市金牛区金凤凰大道中铁产业园-A区,金牛区,104.098233,30.772265,2102.56434499155
GYM_143,体育馆,体育馆,体育场馆,蓉城足球俱乐部,茶花街与杨树街交叉口西北20米,锦江区,104.151322,30.597354,39342.8252339486
GYM_144,体育馆,体育馆,体育场馆,王牌减肥训练营(锦江校区),四川省成都市锦江区成万路三圣花乡,锦江区,104.156955,30.574078,10235.4482978832
GYM_147,体育馆,体育馆,体育场馆,成都理工大学-香樟操场,四川省成都市成华区二仙桥东三路1号成都理工大学内,成华区,104.150978,30.678469,22511.8803749995
SCHOOL_2,学校,学校,其他学校,成都市通江实验学校,四川省成都市武侯区永康路885号,武侯区,103.951567,30.640437,3237.68457960358
SCHOOL_4,学校,学校,小学,成都市金兴北路小学,四川省成都市武侯区智通二路368号,武侯区,103.959385,30.638025,14477.1878756732
SCHOOL_7,学校,学校,大学/高等院校,成都体育学院航空港校区,四川省成都市武侯区文昌路24号,武侯区,104.004802,30.586136,105045.625877393
SCHOOL_11,学校,学校,小学,成都市太平小学,四川省成都市武侯区盛世路66号,武侯区,104.020244,30.632791,6232.17388345949
SCHOOL_20,学校,学校,大学/高等院校,中共四川省委老干部党校(十二桥路),成都市青羊区十二桥路30号,青羊区,104.040498,30.666365,2096.87700426131
SCHOOL_22,学校,学校,小学,成都市龙江路小学高翔分校,四川省成都市武侯区高翔东路17号,武侯区,104.081685,30.611717,7047.74893092543
SCHOOL_23,学校,学校,大学/高等院校,琢育国学院(新希望院区),四川省成都市武侯区航空路3号国航2楼,武侯区,104.066397,30.619186,2444.47932822166
SCHOOL_26,学校,学校,大学/高等院校,中国科学院(成都分院),四川省成都市武侯区人民南路四段9号科分院红楼14栋3单元,武侯区,104.070474,30.633301,5107.51236550889
SCHOOL_27,学校,学校,大学/高等院校,中国科学院-成都文献情报中心,四川省成都市武侯区一环路南二段16号中国科学院成都分院412室,武侯区,104.0678,30.633247,5437.62564394623
SCHOOL_30,学校,学校,小学,锦江区驸马小学,四川省成都市锦江区三圣街道洪柏路280号,锦江区,104.146249,30.58146,9379.30515293239
SCHOOL_32,学校,学校,其他学校,成都市化学工业局职工学校,四川省成都市锦江区莲桂南路68号,锦江区,104.095935,30.633972,5023.9726486517
SCHOOL_33,学校,学校,其他学校,陆上运动学校,四川省成都市金牛区凤举环路1000号,金牛区,104.089059,30.734224,120912.264708197
SCHOOL_34,学校,学校,中学,成都市礼仪职业中学(东区),四川省成都市锦江区镋钯街35号,锦江区,104.07889,30.650388,8990.52730518382
SCHOOL_41,学校,学校,大学/高等院校,中共成都市金牛区委党校(区行政学校),四川省成都市金牛区金周路515号,金牛区,103.992517,30.72317,23084.8046659492
SCHOOL_42,学校,学校,大学/高等院校,中共成都市锦江区委党校(成都市锦江区行政学校),成都市锦江区静康路280号,锦江区,104.115228,30.621867,8131.13366555011
SCHOOL_45,学校,学校,其他学校,华艺外国语学校,四川省成都市武侯区太平寺东路成都华艺外国语学校,武侯区,104.0252,30.598668,13513.7599737709
SCHOOL_51,学校,学校,其他学校,领川江安实验学校,四川省成都市武侯区滨河南路755号,武侯区,103.967598,30.576211,23549.9168530824
SCHOOL_54,学校,学校,其他学校,成都盐外芙蓉学校,四川省成都市武侯区三线沟路中段148号,武侯区,103.969836,30.583054,9502.52094775893
SCHOOL_55,学校,学校,小学,成都市马家河小学,成都市武侯区金花镇簇桥乡李家祠马新路美丽点会所对面,武侯区,103.966966,30.592901,14559.6426931339
SCHOOL_56,学校,学校,其他学校,成都市启明学校,成都市武侯区马家河村三组118号,武侯区,103.972613,30.595288,9863.80411985183
SCHOOL_57,学校,学校,其他学校,成都市凉井实验学校,四川省成都市武侯区凉港二路43号正东方向130米,武侯区,103.974381,30.588581,5430.70794020469
SCHOOL_58,学校,学校,其他学校,金辉实验学校,成都市武侯区三线沟路金迪幼儿园西北侧约270米,武侯区,103.969263,30.58231,4152.78735937655
SCHOOL_62,学校,学校,大学/高等院校,四川大学附属中学新城分校,四川省成都市武侯区双凤四路666号,武侯区,103.962686,30.613795,45708.0842408666
SCHOOL_63,学校,学校,其他学校,水韵园综合教育基地,四川省成都市武侯区武兴路1081号,武侯区,103.959272,30.611244,146106.358579054
SCHOOL_64,学校,学校,大学/高等院校,四川大学附属实验小学(江安河分校),四川省成都市武侯区金江路99号,武侯区,103.960092,30.613542,22934.1178634922
SCHOOL_66,学校,学校,中学,成都市金花中学,成都市武侯区金航路1号,武侯区,103.967226,30.606215,14119.5053482456
SCHOOL_67,学校,学校,其他学校,成都市武侯区光明实验学校,成双大道中段与鞋都南四路交叉口南150米,武侯区,103.972141,30.605564,15162.7960102696
SCHOOL_69,学校,学校,其他学校,凤舞七里西苑,四川省成都市武侯区金兴南路125,武侯区,103.973977,30.616634,14622.1745842908
SCHOOL_70,学校,学校,小学,成都市龙江路小学武侯新城分校南区学校,四川省成都市武侯区双凤二路356号,武侯区,103.972722,30.613631,12321.9010443765
SCHOOL_74,学校,学校,中学,成都市棕北中学悦湖学校,四川省成都市武侯区金兴北路373号,武侯区,103.958309,30.637102,24431.8226022109
SCHOOL_79,学校,学校,其他学校,成都市通江实验学校(北区),四川省成都市武侯区永康森林公园通江实验学校北区,武侯区,103.951096,30.649535,4816.30825132149
SCHOOL_80,学校,学校,小学,草堂小学(子美校区),四川省成都市青羊区光华西四路60号,青羊区,103.950024,30.673847,19285.6772266182
SCHOOL_81,学校,学校,小学,泡桐树小学(绿舟校区),成都市青羊区光华大道一段西二站蔡桥村八组,青羊区,103.949396,30.667412,19256.9563067721
SCHOOL_84,学校,学校,中学,成都市树德实验中学(弘毅分校),成都市青羊区光华西七路150号,青羊区,103.947557,30.667373,42752.5568678843
SCHOOL_85,学校,学校,其他学校,青羊区青少年足球训练基地,成都市青羊区光华西三路光华欣苑西南侧约30米,青羊区,103.949485,30.675303,5803.87044767616
SCHOOL_87,学校,学校,大学/高等院校,四川大学附属实验小学明德学校,四川省成都市武侯区武青西三路498号,武侯区,103.970524,30.639724,19257.6544531152
SCHOOL_88,学校,学校,中学,成都七中墨池书院中学,四川省成都市武侯区武青西三路666号,武侯区,103.968484,30.63991,35490.1653639739
SCHOOL_89,学校,学校,其他学校,成都市武侯区西蜀实验学校,四川省成都市武侯区机九路成都西蜀实验学校二组132号,武侯区,103.970345,30.656644,15360.8116157485
SCHOOL_90,学校,学校,小学,成都市行知实验小学,四川省成都市武侯区九金街48号,武侯区,103.96914,30.648439,16161.2871408699
SCHOOL_91,学校,学校,中学,成都市礼仪职业中学(新校区),四川省成都市武侯区智诚路,武侯区,103.95839,30.640149,18532.8937367564
SCHOOL_92,学校,学校,大学/高等院校,四川广播电视大学(机投校区),四川省成都市武侯区武青北路7号,武侯区,103.973475,30.653043,53909.0875355658
SCHOOL_99,学校,学校,其他学校,FF足球俱乐部,成都市青羊区机九路FF体育公园,青羊区,103.954187,30.664395,146120.979818192
SCHOOL_104,学校,学校,中学,成都树德中学(光华校区),成都市青羊区光华大道一段东1341号,青羊区,103.965128,30.669894,127093.502951185
SCHOOL_105,学校,学校,其他学校,成都市同辉(国际)学校,四川省成都市青羊区光华东三路60号,青羊区,103.97048,30.675182,20371.461069026
SCHOOL_106,学校,学校,小学,成都市实验小学(西区光华校区),四川省成都市青羊区万九路,青羊区,103.964345,30.667231,19744.0447472835
SCHOOL_109,学校,学校,小学,成都市康河小学,成都市青羊区文家乡董家坝村8组,青羊区,103.914562,30.684645,10777.9018193666
SCHOOL_110,学校,学校,大学/高等院校,四川商务职业学院(文家东校区),成都市青羊区文家场文家正街227号,青羊区,103.922949,30.692735,27946.0269553986
SCHOOL_111,学校,学校,小学,泡桐树小学(桐乐校区),四川省成都市青羊区光润二路266号,青羊区,103.924048,30.68421,25170.7902005627
SCHOOL_112,学校,学校,其他学校,蜀道集团高速公路技能人才培训中心,四川省成都市青羊区绕城高速公路公司3组312号,青羊区,103.928373,30.693691,4622.1692765389
SCHOOL_116,学校,学校,大学/高等院校,四川商务职业学院(文家校区西区),四川省成都市青羊区文家正街227号,青羊区,103.920726,30.695386,62524.4840202825
SCHOOL_117,学校,学校,其他学校,成都市文翁实验学校,青羊区文兴西路西100米,青羊区,103.919668,30.699706,45885.0785565336
SCHOOL_118,学校,学校,其他学校,四川省成都市青苏职业中专学校,四川省成都市青羊区文康路188号,青羊区,103.921372,30.704574,50060.9054043869
SCHOOL_119,学校,学校,其他学校,成都铁路技工学校,四川省成都市青羊区盐井4组57号,青羊区,103.920169,30.702189,116186.54813512
SCHOOL_125,学校,学校,小学,泡桐树小学(桐欣校区),成都市青羊区光华北七路光华尚居西北侧约90米,青羊区,103.950075,30.68073,22838.7718447492
SCHOOL_126,学校,学校,中学,成都石室联合中学(红碾校区),四川省成都市青羊区光华西二路,青羊区,103.94917,30.679141,35769.6483089631
SCHOOL_131,学校,学校,大学/高等院校,四川大学(华西青羊校区),四川省成都市青羊区黄田坝高坎村310号,青羊区,103.947713,30.709809,139187.319609589
SCHOOL_136,学校,学校,中学,成都市青羊实验中学(光华校区),四川省成都市青羊区光华北二路159号,青羊区,103.964743,30.677614,19253.5415598374
SCHOOL_138,学校,学校,小学,成都市实验小学(蕴雅校区),四川省成都市青羊区万花二路225号,青羊区,103.967705,30.682056,20137.8036529231
SCHOOL_142,学校,学校,中学,成都市成飞中学(高中部),成都市青羊区成飞大道,青羊区,103.964138,30.690328,56745.5755881293
SCHOOL_143,学校,学校,小学,成都实验小学(明道分校),四川省成都市青羊区万蕊街和黄蹊街交叉口西北角,青羊区,103.967491,30.690241,19839.9680593533
SCHOOL_144,学校,学校,中学,成都市成飞中学（高中部）,成都市青羊区成飞大道馨光嘉苑北侧约120米,青羊区,103.964107,30.690354,56745.5755881293
SCHOOL_149,学校,学校,其他学校,石室联合成飞学校,四川省成都市青羊区经一路121号,青羊区,103.959438,30.697797,30775.7513287802
SCHOOL_151,学校,学校,小学,成都市茶店子小学校(清淳校区),四川省成都市金牛区清新一巷77号,金牛区,103.973471,30.704905,9787.81612466927
SCHOOL_152,学校,学校,其他学校,中航工业成飞公司技工学校,四川省成都市青羊区纬四路272号,青羊区,103.958534,30.700265,17202.0762815335
SCHOOL_156,学校,学校,其他学校,四川省成都市青苏职业中专学校(高坎校区),四川省成都市青羊区高坎路9号,青羊区,103.94015,30.718743,19262.6015502186
SCHOOL_157,学校,学校,小学,成都市胜西小学(文兴分校),四川省成都市青羊区文家街道高坎村7组311号,青羊区,103.938836,30.718853,17478.6227160178
SCHOOL_160,学校,学校,小学,成都外国语学校附属小学(中海校区),四川省成都市金牛区汇川街558号,金牛区,103.97429,30.728096,25423.6610858679
SCHOOL_161,学校,学校,其他学校,鼎峰少年营地培训中心,土龙路689号,金牛区,103.961935,30.715622,31413.1398167929
SCHOOL_162,学校,学校,其他学校,成都外国语学校(中海校区),四川省成都市金牛区金泉街道汇川街558号,金牛区,103.973283,30.729199,11655.2101715887
SCHOOL_168,学校,学校,其他学校,成都城投领川外国语学校,四川省成都市武侯区簇马路一段36号,武侯区,103.982606,30.598496,20897.8840934924
SCHOOL_170,学校,学校,中学,成都市武侯实验中学,四川省成都市武侯区新苗东街5号,武侯区,103.99261,30.597622,53871.1581436328
SCHOOL_171,学校,学校,中学,成都市武侯实验中学附属小学,四川省成都市武侯区新苗西街100号,武侯区,103.985796,30.59769,15360.0820494965
SCHOOL_177,学校,学校,小学,成都市三河小学,成都市武侯区围机路与武侯大道三河段交叉路口往东北约210米,武侯区,104.017426,30.588887,3770.94304332157
SCHOOL_179,学校,学校,小学,成都教科院附属学校(小学部),四川省成都市武侯区天府四街1717号,武侯区,104.036155,30.542988,23556.2309391303
SCHOOL_180,学校,学校,其他学校,成都教科院附属学校(低小部),四川省成都市武侯区秀华路,武侯区,104.037979,30.532567,10393.004694179
SCHOOL_185,学校,学校,其他学校,成都教科院附属学校(西区),四川省成都市武侯区天府三街1789号,武侯区,104.028011,30.548152,36880.1443638045
SCHOOL_192,学校,学校,其他学校,成都教科院附属学校(东区),四川省成都市武侯区天府四街1717号,武侯区,104.038116,30.543693,43914.802768157
SCHOOL_196,学校,学校,其他学校,成都高新大源学校,成都市武侯区大源东街116号,武侯区,104.033623,30.557072,32706.1155281925
SCHOOL_198,学校,学校,小学,成都墨池书院小学,四川省成都市武侯区盛安街699号,武侯区,104.039625,30.559771,19117.2866153728
SCHOOL_199,学校,学校,其他学校,成都高新区教育发展中心,四川省成都市武侯区盛安街889号,武侯区,104.035483,30.560854,9086.14743989834
SCHOOL_201,学校,学校,其他学校,成都市教科院附中(天府五街校区),四川省成都市高新区丽景路1280号,武侯区,104.051148,30.538862,37206.8654322655
SCHOOL_204,学校,学校,小学,成都高新区公园小学,四川省成都市武侯区盛源街88号,武侯区,104.047486,30.547659,14905.6057817339
SCHOOL_206,学校,学校,其他学校,成都高新区图书馆新馆,四川省成都市武侯区高新区天府四街688号3栋,武侯区,104.047275,30.546613,4569.36183916346
SCHOOL_210,学校,学校,其他学校,成都七中(高新校区),四川省成都市武侯区盛安街666号,武侯区,104.041096,30.561832,115208.074404897
SCHOOL_212,学校,学校,其他学校,中国石化西南科研办公基地,四川省成都市武侯区吉泰路688号,武侯区,104.062323,30.551507,20957.1000115729
SCHOOL_213,学校,学校,小学,益州小学,四川省成都市武侯区吉瑞五路598号,武侯区,104.053408,30.556758,15105.3793587942
SCHOOL_214,学校,学校,小学,益州小学东校区,四川省成都市武侯区吉瑞五路666号,武侯区,104.055063,30.55605,9696.91583342731
SCHOOL_217,学校,学校,小学,成都霍森斯小学,四川省成都市武侯区南华路1717号,武侯区,104.034026,30.562334,20082.3153591266
SCHOOL_220,学校,学校,大学/高等院校,四川文化产业职业学院(南校区),四川成都市武侯区三环与绕城环线之间火车南站西路太平寺东路一号,武侯区,104.026829,30.59338,2311.94066576121
SCHOOL_222,学校,学校,大学/高等院校,成都工业职业技术学院(财贸校区),四川省成都市武侯区府城大道西段769号,武侯区,104.038481,30.589684,36841.8123328075
SCHOOL_224,学校,学校,其他学校,成都高新新源学校,四川省成都市武侯区新园大道567号,武侯区,104.031863,30.581877,25337.4861980528
SCHOOL_231,学校,学校,中学,成都石室天府中学(锦城湖校区),四川省成都市武侯区盛兴街180号,武侯区,104.050192,30.565108,37830.8616605537
SCHOOL_232,学校,学校,小学,成都蒙彼利埃小学,四川省成都市武侯区盛兴街196号,武侯区,104.048243,30.566777,23497.2280027524
SCHOOL_233,学校,学校,其他学校,成都高新区晟珀外籍人员子女学校,四川省成都市高新区盛兴街6号,武侯区,104.046712,30.567514,15964.3883853985
SCHOOL_236,学校,学校,小学,泡桐树小学(天府校区),四川省成都市高新区锦尚西二路299号,武侯区,104.051154,30.580165,28770.7341315113
SCHOOL_241,学校,学校,中学,成都石室天府中学,四川省成都市武侯区剑南大道北段590号,武侯区,104.042458,30.58283,94628.5746230536
SCHOOL_242,学校,学校,中学,成都市石室天府中学附属小学,四川省成都市武侯区交子大道1076号,武侯区,104.042149,30.586145,44933.6696448367
SCHOOL_246,学校,学校,小学,成都高新区锦城小学,四川省成都市武侯区雍翠路120号,武侯区,104.047103,30.5928,13540.8784442962
SCHOOL_249,学校,学校,中学,成都七中初中学校(锦城校区),四川省成都市武侯区荟锦路63号,武侯区,104.053089,30.59225,51338.6225096851
SCHOOL_251,学校,学校,大学/高等院校,成都职业技术学院(高新校区),四川省成都市武侯区高新区天益街83号,武侯区,104.059572,30.595236,87914.7040097718
SCHOOL_253,学校,学校,其他学校,成都武侯外国语学校(西校区),四川省成都市武侯区龙井路31号,武侯区,103.978595,30.605114,18579.8614193925
SCHOOL_254,学校,学校,其他学校,成都育仁实验学校,四川省成都市武侯区金履一路358号,武侯区,103.97814,30.606535,15679.6246541839
SCHOOL_255,学校,学校,其他学校,成都武侯外国语学校(新校区),四川省成都市武侯区成双大道中段628号,武侯区,103.980721,30.603872,45820.5169364553
SCHOOL_256,学校,学校,中学,成都市武侯区西川实验学校(西川中学南区),四川省成都市武侯区金履一路36号,武侯区,103.984522,30.60592,37339.9521731387
SCHOOL_258,学校,学校,小学,成都市龙江路小学(新城分校),四川省成都市武侯区金履三路128号,武侯区,103.983088,30.610705,11861.5319454966
SCHOOL_259,学校,学校,大学/高等院校,四川大学附属实验小学(南区),成都市武侯区智远大道龙湖·天宸原著九墅南侧约180米,武侯区,103.977253,30.618474,21561.8925805747
SCHOOL_260,学校,学校,其他学校,石室佳兴外国语学校,四川省成都市武侯区金兴南路16号,武侯区,103.977701,30.613327,26225.8062488062
SCHOOL_261,学校,学校,其他学校,凤舞七里北苑,四川省成都市武侯区金兴南路142,武侯区,103.974755,30.618991,12192.962856732
SCHOOL_265,学校,学校,小学,成都市簇桥小学校(簇锦南路),四川省成都市武侯区簇锦南路94号,武侯区,103.993359,30.604674,12397.0961139573
SCHOOL_269,学校,学校,大学/高等院校,北京第二外国语学院成都附属中学(千秀校区),四川省成都市武侯区千秀路800号,武侯区,103.991289,30.616358,42610.0914032775
SCHOOL_272,学校,学校,小学,成都市武顺街小学,四川省成都市武侯区铁佛村四组万兴路781号,武侯区,103.984892,30.620055,13178.5495325409
SCHOOL_273,学校,学校,大学/高等院校,中国农业银行股份有限公司四川省分行培训学校党校,四川省成都市武侯区武侯大道铁佛段4号,武侯区,103.985167,30.625313,30507.866799063
SCHOOL_283,学校,学校,中学,四川省成都市武侯高级中学,四川省成都市武侯区簇桥街道文盛路1号,武侯区,104.007096,30.604172,56780.3429729518
SCHOOL_284,学校,学校,其他学校,成都市武侯区亚细亚学校,四川省成都市武侯区南三环路五段109号,武侯区,104.017624,30.616992,22802.6037770577
SCHOOL_291,学校,学校,大学/高等院校,北京第二外国语学院成都附属中学,四川省成都市武侯区聚萃街351号,武侯区,103.998871,30.623596,38213.9910036322
SCHOOL_292,学校,学校,大学/高等院校,北京第二外国语学院成都附属小学,成都市武侯区聚荟街与万兴路交叉路口往东南约100米(万达广场东北侧约50米),武侯区,103.997495,30.624863,19828.5310625085
SCHOOL_293,学校,学校,其他学校,成都市第五十七实验学校(西区),四川省成都市武侯区太平园西路242号,武侯区,104.001212,30.621886,3339.93641204632
SCHOOL_298,学校,学校,小学,龙江路小学(中粮祥云分校),四川省成都市武侯区星悦路40号,武侯区,104.00316,30.631131,10193.560347979
SCHOOL_300,学校,学校,大学/高等院校,西南民族大学(太平园校区),太平园路1号,武侯区,104.012274,30.623343,62497.4433269399
SCHOOL_301,学校,学校,其他学校,成都市武侯区五七学校,四川省成都市武侯区太平园路156号,武侯区,104.01182,30.625897,10040.8810684272
SCHOOL_303,学校,学校,其他学校,四川省防灾减灾教育馆,四川成都市武侯区武阳大道二段260号,武侯区,104.01452,30.631409,11565.5849573901
SCHOOL_304,学校,学校,小学,永顺路小学,成都市武侯区盛世路太平盛世-A区西南侧,武侯区,104.014639,30.635855,22967.9017972789
SCHOOL_309,学校,学校,小学,成都市武侯科技园小学,四川省成都市武侯区武青东五路6号,武侯区,103.985151,30.639163,16549.065242963
SCHOOL_313,学校,学校,中学,成都西北中学外国语学校,四川省成都市武侯区机投正街86号,武侯区,103.978389,30.649267,18056.2613055989
SCHOOL_314,学校,学校,小学,成都市武侯区机投小学,四川省成都市武侯区万寿路24号,武侯区,103.980587,30.652798,13259.6173524355
SCHOOL_315,学校,学校,其他学校,成都市春晖学校,四川省成都市武侯区草金东路22号,武侯区,103.981915,30.651526,10510.9145214745
SCHOOL_326,学校,学校,小学,晋阳小学,四川省成都市武侯区晋吉西一街9号,武侯区,103.995878,30.648464,20181.7935420685
SCHOOL_327,学校,学校,大学/高等院校,四川大学附属中学西区学校,四川省成都市武侯区晋吉西二街8号,武侯区,103.994548,30.647705,45638.5393185628
SCHOOL_329,学校,学校,小学,成都市读者小学,四川省成都市武侯区万寿四路66号,武侯区,103.976949,30.66122,12685.756982164
SCHOOL_332,学校,学校,中学,成都第三十七中学,四川省成都市青羊区培风东街388号,青羊区,103.97863,30.670255,39642.7869466347
SCHOOL_333,学校,学校,小学,成都实验小学(西区分校),四川省成都市青羊区培风横街238号,青羊区,103.977113,30.669202,19773.8113547654
SCHOOL_341,学校,学校,小学,成都市泡桐树小学西区,四川省成都市青羊区琼楼路188号,青羊区,103.993806,30.665533,44477.9867887518
SCHOOL_343,学校,学校,小学,成都市泡桐树小学(西区分校)-A区,四川成都市青羊区东坡北一路9号,青羊区,103.994249,30.664963,26544.4697200366
SCHOOL_345,学校,学校,小学,泡桐树小学(境界校区),四川省成都市青羊区瑞联路238号,青羊区,103.987484,30.67144,11441.4602064837
SCHOOL_348,学校,学校,中学,成都市青羊实验中学附属小学,四川省成都市青羊区双新南路1号,青羊区,103.994751,30.670541,23290.9982453755
SCHOOL_349,学校,学校,小学,成都市泡桐树小学西区分校B区,四川成都市青羊区琼楼路188号,青羊区,103.993049,30.666481,15455.6368772091
SCHOOL_352,学校,学校,小学,成都市磨子桥小学分校,四川省成都市武侯区吉福南路88号,武侯区,104.004434,30.644127,15855.8611331615
SCHOOL_354,学校,学校,小学,成都市玉林小学果堰分校,四川省成都市武侯区机投桥街道办事处果堰村11组,武侯区,103.997291,30.639625,15413.224800626
SCHOOL_365,学校,学校,中学,棕北中学西区实验学校,四川省成都市武侯区逸霞街21号,武侯区,104.017354,30.644745,20018.0252070225
SCHOOL_366,学校,学校,中学,成都市棕北中学西区(小学部),四川省成都市武侯区逸都路3号,武侯区,104.017659,30.646958,5382.11671921232
SCHOOL_369,学校,学校,大学/高等院校,四川大学附属实验小学(清水河分校),四川省成都市武侯区龙腾街16号,武侯区,104.016459,30.655478,6494.96780836064
SCHOOL_372,学校,学校,其他学校,川大附小,四川省成都市武侯区大华街4号,武侯区,104.01656,30.652586,9130.30521873931
SCHOOL_373,学校,学校,小学,成都市龙祥路小学,四川省成都市武侯区龙祥路9号,武侯区,104.007874,30.650041,13983.2854796218
SCHOOL_376,学校,学校,小学,成都市沙堰小学,四川省成都市武侯区沙堰街与沙堰西二街交叉路口往东北约100米(亿通新天地东北侧约50米),武侯区,104.000661,30.65751,11164.3060819393
SCHOOL_379,学校,学校,小学,成都花园国际小学,四川省成都市青羊区青羊大道8号,青羊区,104.007357,30.661479,13192.6541752438
SCHOOL_381,学校,学校,其他学校,成都理想画室(瑞联路),四川省成都市青羊区瑞联路51号,青羊区,103.998347,30.667229,4377.9168526457
SCHOOL_382,学校,学校,中学,青羊实验中学(优品道校区),四川省成都市青羊区优品街99号,青羊区,104.000761,30.666992,25121.2695541252
SCHOOL_384,学校,学校,大学/高等院校,西南财经大学附属小学,四川省成都市青羊区光华村街50号,青羊区,104.009669,30.666266,10211.0993749288
SCHOOL_385,学校,学校,大学/高等院校,四川行政财贸管理干部学院-学之楼,成都市青羊区光华村南街四川省委党校西校区,青羊区,104.009545,30.665289,2090.21506654648
SCHOOL_388,学校,学校,大学/高等院校,成都市广播电视大学青羊分校,四川省成都市青羊区光华村街18号,青羊区,104.016622,30.664292,7012.47791703484
SCHOOL_389,学校,学校,大学/高等院校,西南财经大学(光华校区),四川省成都市青羊区光华村街42号,青羊区,104.011868,30.670432,488288.455689183
SCHOOL_390,学校,学校,大学/高等院校,西南财经大学-明德楼,四川成都市青羊区光华村街55号西南财大光华校区,青羊区,104.012671,30.667339,6376.89092678733
SCHOOL_391,学校,学校,大学/高等院校,西南财经大学(光华校区)西区-教学楼,四川成都市青羊区清江中路676号西南财大光华校区西区1栋,青羊区,104.007578,30.673322,2597.6744053171
SCHOOL_394,学校,学校,大学/高等院校,成都市职工大学(二环路西二段),四川省成都市青羊区二环路西二段77号,青羊区,104.01835,30.674519,2166.88244304435
SCHOOL_395,学校,学校,大学/高等院校,西南财经大学-光华楼,四川成都市青羊区光华村街55号,青羊区,104.014302,30.671159,15829.086939153
SCHOOL_397,学校,学校,小学,成都高新区庆安小学,四川省成都市武侯区新雅街6号,武侯区,104.029185,30.60657,9253.59505077882
SCHOOL_400,学校,学校,小学,成都市华兴小学,四川省成都市武侯区华泰五路193号,武侯区,104.022056,30.617826,14098.1630639999
SCHOOL_401,学校,学校,大学/高等院校,中国科学院成都生物研究所(科园南路),四川省成都市武侯区科园南路93号,武侯区,104.027067,30.618803,12625.6353809566
SCHOOL_402,学校,学校,大学/高等院校,中国科学院成都科学仪器研制中心,四川省成都市武侯区科园南一路7号,武侯区,104.029079,30.611323,23644.2615584526
SCHOOL_404,学校,学校,中学,成都高新实验中学(新北校区),四川省成都市武侯区新义路146号,武侯区,104.036043,30.606312,32128.857244576
SCHOOL_405,学校,学校,小学,新光小学,四川省成都市武侯区新乐南街68号,武侯区,104.037132,30.60683,15718.3829231641
SCHOOL_406,学校,学校,其他学校,成都沃顿公学,四川省成都市武侯区新尚路45号,武侯区,104.032826,30.600151,7431.64920434421
SCHOOL_407,学校,学校,其他学校,四川省重竞技学校,四川省成都市武侯区太平寺路4号,武侯区,104.029684,30.602527,5494.1081135246
SCHOOL_410,学校,学校,其他学校,金苹果公学,四川省成都市武侯区创瑞街9号,武侯区,104.038748,30.618001,7809.15701958142
SCHOOL_414,学校,学校,其他学校,四川省交通管理学校,四川省成都市武侯区佳灵路22号,武侯区,104.020419,30.631306,33138.886103582
SCHOOL_415,学校,学校,其他学校,四川交通运输职业学校(红牌楼校区),四川省成都市武侯区佳灵路8号,武侯区,104.023905,30.637447,32987.9064955024
SCHOOL_416,学校,学校,中学,成都市第四十三中学校,四川省成都市武侯区董家湾北街10号,武侯区,104.026995,30.632532,12698.9938291455
SCHOOL_418,学校,学校,其他学校,武侯区图书馆,四川省成都市武侯区九兴大道137号,武侯区,104.031269,30.626016,7550.4053174703
SCHOOL_419,学校,学校,其他学校,成都精密光学工程研究中心,四川省成都市武侯区科园一路3号,武侯区,104.038185,30.62722,14607.2791585147
SCHOOL_421,学校,学校,中学,成都西川中学,四川省成都市武侯区广福桥街3号,武侯区,104.035822,30.634496,18577.9745986728
SCHOOL_422,学校,学校,小学,成都市龙江路小学分校(南区学校),长城西二路36号,武侯区,104.029888,30.631864,8913.7457495165
SCHOOL_423,学校,学校,中学,四川省成都西藏中学,成都市武侯区高升桥东路17号附24号,武侯区,104.039778,30.635738,24515.6351316028
SCHOOL_426,学校,学校,中学,成都西川中学-教学楼,四川省成都市武侯区广福桥街3号,武侯区,104.035823,30.634959,2971.59604953226
SCHOOL_428,学校,学校,小学,成都市高新区实验小学,四川省成都市武侯区紫薇东路71号,武侯区,104.050564,30.61192,12993.2559964506
SCHOOL_429,学校,学校,小学,成都师范银都小学(紫薇校区),四川省成都市武侯区紫瑞大道122号,武侯区,104.042823,30.613323,9727.40540030462
SCHOOL_433,学校,学校,小学,高新区芳草小学(南区),四川省成都市武侯区泰和二街180号,武侯区,104.052594,30.603555,13785.5536386069
SCHOOL_435,学校,学校,中学,成都市棕北中学,四川省成都市武侯区桐梓林南路10号,武侯区,104.056692,30.614658,11643.3842925241
SCHOOL_438,学校,学校,小学,成都市桐梓林小学,四川省成都市武侯区桐梓林中路2号,武侯区,104.058238,30.61684,6932.30319745123
SCHOOL_439,学校,学校,大学/高等院校,中国电子科技集团公司第三十研究所,四川省成都市武侯区创业路6号,武侯区,104.040774,30.625883,70438.7585089306
SCHOOL_440,学校,学校,中学,成都玉林中学(芳草校区),四川省成都市高新区芳草东街80号,武侯区,104.050011,30.627279,25697.1088867102
SCHOOL_441,学校,学校,小学,四川省成都高新实验小学,四川省成都市武侯区神仙树西路8号,武侯区,104.044743,30.621716,7390.97633500682
SCHOOL_442,学校,学校,中学,玉林中学(紫荆校区),四川省成都市武侯区紫荆西路27号,武侯区,104.044634,30.620626,20031.9434924848
SCHOOL_445,学校,学校,中学,成都玉林中学-附属小学,四川省成都市武侯区肖家河东四巷53号,武侯区,104.043767,30.632209,5283.551980857
SCHOOL_446,学校,学校,中学,成都玉林中学(肖家河校区),四川省成都市武侯区肖家河街玉林中学69号,武侯区,104.042453,30.632136,16686.8024632737
SCHOOL_450,学校,学校,小学,成都市玉林小学,四川省成都市武侯区玉林下横巷5号,武侯区,104.056976,30.628352,6899.32868635412
SCHOOL_451,学校,学校,小学,成都师范银都小学(紫荆校区),四川省成都市武侯区紫荆北路1号,武侯区,104.05214,30.622877,7923.2721453529
SCHOOL_454,学校,学校,中学,四川省成都市玉林中学,四川省成都市武侯区玉林东路11号,武侯区,104.057965,30.631228,12265.8906122892
SCHOOL_455,学校,学校,小学,芳草小学(玉林校区),四川省成都市武侯区沙子堰中巷29号,武侯区,104.053062,30.633113,2350.73845340309
SCHOOL_456,学校,学校,大学/高等院校,四川体育职业学院(华西坝校区),四川省成都市武侯区一环路南三段18号,武侯区,104.060589,30.634399,68410.3820238654
SCHOOL_459,学校,学校,小学,成都石室双楠实验学校(小学部),四川省成都市武侯区安居街2号,武侯区,104.028397,30.647279,21410.161785429
SCHOOL_463,学校,学校,大学/高等院校,成都职业技术学院(青羊校区),四川省成都市青羊区大石西路56号,青羊区,104.029399,30.654538,34581.6788508229
SCHOOL_464,学校,学校,小学,成都市武侯实验小学,四川省成都市武侯区少陵路16号,武侯区,104.025953,30.65101,5962.23390200087
SCHOOL_468,学校,学校,小学,成都市红牌楼小学,四川省成都市武侯区高升桥路15号,武侯区,104.034107,30.641155,9095.89522469544
SCHOOL_474,学校,学校,其他学校,成都考古中心,四川省成都市青羊区青华路15号,青羊区,104.028349,30.664579,7239.46849261014
SCHOOL_475,学校,学校,大学/高等院校,四川省妇女干部学校,四川省成都市青羊区青华路59号,青羊区,104.020008,30.664218,5412.34381965276
SCHOOL_476,学校,学校,其他学校,中国成都市文化艺术学校,四川省成都市青羊区二环路西一段122号,青羊区,104.02006,30.66121,10366.5471463917
SCHOOL_478,学校,学校,小学,成都市实验小学(青华分校),四川省成都市青羊区青华北一街9号,青羊区,104.023749,30.66685,5706.1006963605
SCHOOL_482,学校,学校,大学/高等院校,四川电力职业技术学院(罗家碾校区),四川省成都市青羊区清江东路39号4栋,青羊区,104.028044,30.67057,13468.069063876
SCHOOL_483,学校,学校,中学,成都市树德实验中学西区,四川省成都市青羊区草堂北支路5号,青羊区,104.025201,30.667562,14013.2715846119
SCHOOL_485,学校,学校,大学/高等院校,四川水利职业技术学院(清江校区),四川省成都市青羊区清江东路35号,青羊区,104.029368,30.670572,4949.68489065471
SCHOOL_487,学校,学校,小学,成都市浣花小学,四川省成都市青羊区石人南路4号,青羊区,104.026278,30.673074,3712.40322434621
SCHOOL_488,学校,学校,其他学校,考古队科研楼,四川省成都市青羊区大庆路105号1单元,青羊区,104.027876,30.674952,2349.066649672
SCHOOL_491,学校,学校,小学,成都市草堂小学,四川省成都市青羊区浣花南路180号,青羊区,104.032283,30.661323,11846.7888561233
SCHOOL_492,学校,学校,其他学校,成都市少年儿童业余体育学校,四川省成都市青羊区草堂东路150号,青羊区,104.032953,30.660734,4954.08778043532
SCHOOL_493,学校,学校,其他学校,水电校教学楼,四川省成都市青羊区青华路8号,青羊区,104.032479,30.665519,3106.63619601821
SCHOOL_496,学校,学校,大学/高等院校,四川电力职业技术学院,四川省成都市青羊区青华路8号,青羊区,104.032658,30.666357,58966.9398650908
SCHOOL_497,学校,学校,其他学校,四川省人民医院-护士学校(青羊校区),四川省成都市青羊区浣花北路18号,青羊区,104.034951,30.666885,2809.94757156408
SCHOOL_499,学校,学校,小学,成都市白果林小学校,四川省成都市金牛区中新路12号,金牛区,104.033242,30.673841,4392.30171125211
SCHOOL_501,学校,学校,大学/高等院校,四川开放大学,成都市金牛区一环路西三段3号,金牛区,104.036441,30.670743,40210.0967072535
SCHOOL_502,学校,学校,大学/高等院校,成都师范学院(百寿路),四川省成都市金牛区百寿路4号,金牛区,104.035875,30.67225,7704.70133942102
SCHOOL_504,学校,学校,大学/高等院校,西南民族大学-图书馆,四川省成都市武侯区一环路南四段16号,武侯区,104.044952,30.640948,3166.72623373029
SCHOOL_505,学校,学校,小学,龙江路小学分校,四川省成都市武侯区武侯祠大街250号,武侯区,104.043588,30.644506,5561.5490867997
SCHOOL_506,学校,学校,其他学校,四川省商务学校(武侯校区),四川省成都市武侯区武侯祠横街16号,武侯区,104.043634,30.642653,9391.19318246572
SCHOOL_507,学校,学校,大学/高等院校,星空商学院,四川省成都市武侯区武侯祠大街243号,武侯区,104.043679,30.646684,4516.14731842793
SCHOOL_508,学校,学校,大学/高等院校,西南民族大学(武侯校区),四川省成都市武侯区一环路南四段16号,武侯区,104.04704,30.64159,230802.051946617
SCHOOL_509,学校,学校,大学/高等院校,西南民族大学-行政大楼,成都市武侯区浆洗街街道一环路南四段16号,武侯区,104.04988,30.642335,3439.03915793193
SCHOOL_511,学校,学校,大学/高等院校,成都体育学院(武侯校区),四川省成都市武侯区一环路西一段19号,武侯区,104.041595,30.649403,221080.467783313
SCHOOL_513,学校,学校,大学/高等院校,成都体育学院-图书馆,四川省成都市武侯区体院路成都体育学院4栋3单元,武侯区,104.04252,30.648892,2201.46509939516
SCHOOL_515,学校,学校,中学,成都西北中学,四川省成都市武侯区建国巷1号,武侯区,104.051612,30.64581,27629.785807686
SCHOOL_518,学校,学校,小学,成都市武侯计算机实验小学(梧桐园),四川省成都市武侯区金陵横路80号,武侯区,104.060749,30.638559,4579.62772687812
SCHOOL_519,学校,学校,大学/高等院校,四川大学(华西校区)-西区,四川省成都市武侯区人民南路三段16号,武侯区,104.061108,30.644226,77136.726694733
SCHOOL_520,学校,学校,其他学校,成都石室锦城外国语学校,四川省成都市武侯区小天竺街103号,武侯区,104.061367,30.646241,14133.6133351524
SCHOOL_521,学校,学校,大学/高等院校,四川大学-华西临床教学楼,四川成都市武侯区国学巷37号四川大学华西校区西区,武侯区,104.060225,30.643822,3504.70486762593
SCHOOL_526,学校,学校,其他学校,成都图书馆,成都市青羊区文翁路98号,青羊区,104.058235,30.655211,5733.69730399566
SCHOOL_527,学校,学校,小学,成都市彩虹小学,四川省成都市青羊区文翁路7号,青羊区,104.055169,30.653094,2073.0658364786
SCHOOL_528,学校,学校,小学,成都市锦里小学,四川省成都市武侯区武侯祠大街9号,武侯区,104.055157,30.648423,4721.77888629639
SCHOOL_529,学校,学校,小学,成都市弟维小学,四川省成都市武侯区黉门街25号,武侯区,104.059228,30.647542,3901.12814456404
SCHOOL_530,学校,学校,中学,石室联合中学,四川省成都市青羊区陕西街29号,青羊区,104.061714,30.656595,12623.8772248064
SCHOOL_532,学校,学校,中学,石室联合中学(蜀华分校),四川省成都市青羊区蜀华街43号,青羊区,104.050492,30.660902,12836.3988828048
SCHOOL_533,学校,学校,小学,成都市胜西小学,四川省成都市青羊区汪家拐街道横小南街11号,青羊区,104.051204,30.662626,6541.97965037718
SCHOOL_534,学校,学校,中学,成都市树德协进中学,四川省成都市青羊区西胜街18号,青羊区,104.049903,30.665516,12832.1129490981
SCHOOL_540,学校,学校,中学,四川省成都市财贸职业高级中学校,四川省成都市金牛区枣子巷26-号,金牛区,104.043701,30.668692,12025.2852378567
SCHOOL_542,学校,学校,大学/高等院校,成都中医药大学(十二桥校区),四川省成都市金牛区十二桥路37号,金牛区,104.041629,30.66894,65447.4193669166
SCHOOL_543,学校,学校,小学,成都市西安路小学校,四川省成都市金牛区西安北路一巷30号,金牛区,104.044646,30.672754,3619.58975392098
SCHOOL_547,学校,学校,小学,成都市少城小学,四川省成都市青羊区西胜街1号东区,青羊区,104.051646,30.664003,5527.40662932068
SCHOOL_548,学校,学校,其他学校,四川省图书馆,四川省成都市青羊区人民西路4号,青羊区,104.060935,30.661347,13663.6354362497
SCHOOL_549,学校,学校,小学,成都市回民小学,四川省成都市青羊区西华门街1号,青羊区,104.058926,30.661433,4648.48668046142
SCHOOL_550,学校,学校,中学,成都市树德实验中学(东区),四川省成都市青羊区人民西路107号,青羊区,104.06012,30.659852,7210.21774850268
SCHOOL_553,学校,学校,小学,成都市实验小学(人民中路校区),四川省成都市青羊区人民中路一段22号,青羊区,104.061893,30.66592,16010.9971156345
SCHOOL_554,学校,学校,小学,成都市泡桐树小学,四川省成都市青羊区支矶石街8号,青羊区,104.05267,30.666978,5982.62330706766
SCHOOL_555,学校,学校,小学,成都市泡桐树小学-北区,四川省成都市青羊区实业街14号,青羊区,104.052986,30.668223,2566.71129805066
SCHOOL_556,学校,学校,小学,少城组合小学校,四川省成都市青羊区黄瓦街53号,青羊区,104.054603,30.669218,2927.36739963711
SCHOOL_559,学校,学校,中学,成都市树德实验中学,四川省成都市青羊区东马棚街9号,青羊区,104.055707,30.671201,10889.5989927975
SCHOOL_562,学校,学校,其他学校,成都教科院,四川省成都市青羊区东马棚街1号,青羊区,104.057211,30.670616,6344.04990656393
SCHOOL_563,学校,学校,小学,成都市东城根街小学(A区),四川省成都市青羊区老东城根街9号,青羊区,104.058254,30.671528,5076.92987692067
SCHOOL_565,学校,学校,小学,成都市东坡小学,四川省成都市青羊区苏坡中路115号,青羊区,103.981542,30.675805,12375.7888802739
SCHOOL_566,学校,学校,小学,成都市草堂小学(西区分校),四川省成都市青羊区蜀清路89号,青羊区,103.985191,30.681815,10604.7669245284
SCHOOL_569,学校,学校,中学,成都市树德实验中学(清波校区),四川省成都市青羊区清百西一路63号,青羊区,103.981752,30.690765,19155.4319726156
SCHOOL_574,学校,学校,小学,金沙小学(清波分校),四川省成都市青羊区蜀鑫西一路36号,青羊区,103.987497,30.685758,10359.2274716654
SCHOOL_575,学校,学校,小学,成都市花园(国际)小学(清波校区),四川省成都市青羊区董家店路159号,青羊区,103.987912,30.690493,11739.9978496835
SCHOOL_576,学校,学校,大学/高等院校,清源社区学院,四川省成都市青羊区苏坡街道成都市花园(国际)小学(清波校区)西117米,青羊区,103.98667,30.690057,8056.54571140537
SCHOOL_581,学校,学校,小学,石室外语学校-附属小学,四川省成都市金牛区黄金路1377号,金牛区,103.980805,30.700411,12056.3232163784
SCHOOL_582,学校,学校,其他学校,成都石室外语学校,四川省成都市金牛区黄金路1389号,金牛区,103.980801,30.69895,83963.4388677906
SCHOOL_585,学校,学校,小学,成都市金科路小学校,四川省成都市金牛区金科苑东街69号,金牛区,103.984863,30.71015,13959.5883041164
SCHOOL_589,学校,学校,小学,成都市实验小学尚雅校区,成都市青羊区蜀西南一路成都市第六幼儿园百仁园区东北侧约50米,青羊区,103.994501,30.70166,12892.6778284169
SCHOOL_590,学校,学校,中学,成都市泡桐树中学(百仁分校),成都市青羊区百仁东路,青羊区,103.994932,30.702188,19532.2035509291
SCHOOL_592,学校,学校,其他学校,成都市蜀西实验学校,四川省成都市金牛区黄金东一路116号,金牛区,103.994122,30.709761,10829.2596934707
SCHOOL_596,学校,学校,小学,金沙小学(B区),四川省成都市青羊区金瓯路379号,青羊区,103.997781,30.682546,10374.6267844709
SCHOOL_599,学校,学校,小学,金沙小学-A区,四川省成都市青羊区金阳路90号,青羊区,104.006926,30.681195,12742.146383087
SCHOOL_601,学校,学校,中学,石室联合中学(金沙分校),四川省成都市青羊区蜀辉路239号,青羊区,103.998821,30.687725,23902.8130889621
SCHOOL_602,学校,学校,小学,金沙小学-D区,四川省成都市青羊区蜀辉路249号,青羊区,104.000689,30.691194,19258.5686814096
SCHOOL_608,学校,学校,大学/高等院校,四川师范大学实验外国语学校(西校区),四川省成都市青羊区锦西路66号,青羊区,104.011081,30.679103,32787.9903342889
SCHOOL_609,学校,学校,小学,川师大实外(小学部),四川省成都市青羊区锦屏路8号,青羊区,104.014021,30.680223,15204.5514557802
SCHOOL_612,学校,学校,小学,成都市蜀汉外国语实验小学,四川省成都市金牛区同悦路2号,金牛区,104.006571,30.697338,7468.26795208097
SCHOOL_613,学校,学校,小学,成都市营门口小学校,四川省成都市金牛区同兴路5号,金牛区,104.018489,30.688695,5669.84694755629
SCHOOL_617,学校,学校,小学,特教小学,四川成都市金牛区黄忠横街3号,金牛区,104.010273,30.691865,8165.27947458365
SCHOOL_618,学校,学校,其他学校,成都赢星高考培训学校,四川省成都市青羊区龙嘴路234号,青羊区,104.003517,30.699846,3332.30300548303
SCHOOL_619,学校,学校,中学,成都市泡桐树中学,四川省成都市青羊区同怡横街298号,青羊区,104.0027,30.696357,32189.4890988466
SCHOOL_620,学校,学校,小学,金沙小学(C区),成都市青羊区同怡横街泡桐树中学南边,青羊区,104.002973,30.695264,16646.4124515557
SCHOOL_623,学校,学校,小学,成都市迎宾路小学校,四川省成都市金牛区蜀跃西路20号,金牛区,104.002894,30.709244,10561.7150266344
SCHOOL_631,学校,学校,小学,成都市茶店子小学(南区),四川省成都市金牛区育德路39号,金牛区,104.013395,30.698959,17346.5903180961
SCHOOL_632,学校,学校,其他学校,天籁艺术学校(四川集训中心),四川省成都市金牛区蜀光路8号,金牛区,104.013262,30.695961,12855.3292642788
SCHOOL_635,学校,学校,小学,成都市茶店子小学校(北区),四川省成都市金牛区育仁西路69号,金牛区,104.013628,30.702648,14697.2054506697
SCHOOL_636,学校,学校,其他学校,成外附小西宸学校,四川省成都市金牛区育仁西路18号38号楼,金牛区,104.017826,30.706472,8897.12263819389
SCHOOL_638,学校,学校,小学,成都市友谊小学校,四川省成都市金牛区西三环路五段469号,金牛区,104.015485,30.709071,9383.0796505579
SCHOOL_639,学校,学校,其他学校,成都红土地画室(总校),四川省成都市金牛区西三环路五段186号,金牛区,104.00869,30.705041,7041.24863890933
SCHOOL_640,学校,学校,小学,成都高新区西芯小学,四川省成都市金牛区汇川街138号,金牛区,103.979949,30.722261,9950.51310940019
SCHOOL_642,学校,学校,小学,成都市茶店子小学校(金禧分校),四川省成都市金牛区金禧三路333号,金牛区,103.980392,30.728597,12192.6415135197
SCHOOL_645,学校,学校,其他学校,先进技术成果西部转化中心,四川省成都市金牛区兴科中路,金牛区,103.989682,30.721167,7853.8580013548
SCHOOL_646,学校,学校,大学/高等院校,应急管理部四川消防研究所(金科南路),四川省成都市金牛区金科南路69号南院,金牛区,103.994808,30.719086,23158.4253928757
SCHOOL_647,学校,学校,小学,成都市茶店子小学校(金樽分校),四川省成都市金牛区金泉街道金樽二街599号,金牛区,103.993619,30.726184,15418.6525860334
SCHOOL_651,学校,学校,小学,成都市茶店子小学校(国宾校区),四川省成都市金牛区金科南三路76号,金牛区,104.002263,30.718624,19500.0037217129
SCHOOL_653,学校,学校,中学,成都七中万达教育集团金牛中学,四川省成都市金牛区金周路198号,金牛区,104.00128,30.727457,26167.5769469335
SCHOOL_654,学校,学校,中学,成都七中万达教育集团金牛中学(南校区),四川省成都市金牛区金周路197号,金牛区,104.002381,30.726149,9230.21309644199
SCHOOL_655,学校,学校,其他学校,成都市金牛区机关二幼(金周园区),四川省成都市金牛区信息园西路188号,金牛区,104.001381,30.725963,4176.48625592205
SCHOOL_657,学校,学校,小学,成都市兴盛小学,四川省成都市金牛区盛金路178号,金牛区,104.013597,30.731762,12263.2006802753
SCHOOL_658,学校,学校,小学,成都市石笋街小学校盛达校区,成都市金牛区盛达街兴盛世家-B区西南侧约200米,金牛区,104.007677,30.729972,18190.8548560363
SCHOOL_660,学校,学校,其他学校,成都七中万达学校,四川省成都市金牛区盛安路1号,金牛区,104.016584,30.733668,75493.4001974922
SCHOOL_661,学校,学校,小学,成都市全兴小学,四川省成都市金牛区侯家桥路289号,金牛区,104.008378,30.740805,13043.7736775411
SCHOOL_662,学校,学校,其他学校,成都七中万达学校-东区,|成都七中万达学样$成都七中万达中学$七中万达学校$四川省成都市第七中学万达学校$咸都七中万达学校,金牛区,104.016694,30.734168,49386.989648838
SCHOOL_663,学校,学校,其他学校,成都七中万达学校-西区,|成都七中万达学样$成都七中万达中学$七中万达学校$四川省成都市第七中学万达学校$咸都七中万达学校,金牛区,104.016187,30.73271,20473.8024877534
SCHOOL_664,学校,学校,其他学校,成都市石笋街教育集团希望校区,成都市金牛区,金牛区,104.017722,30.748934,6092.95739622704
SCHOOL_671,学校,学校,小学,成都市实验小学(文苑分校),四川省成都市青羊区文苑路72号,青羊区,104.025419,30.67909,4564.90723828389
SCHOOL_672,学校,学校,小学,成都实验小学战旗学校,四川省成都市青羊区双清北路双清巷15号,青羊区,104.019265,30.682129,8897.44590451086
SCHOOL_673,学校,学校,中学,成都市石室联合中学,四川省成都市青羊区文苑路1号,青羊区,104.024071,30.678768,10689.6574419149
SCHOOL_678,学校,学校,其他学校,成都二十中(同育街),四川省成都市金牛区同育街38号,金牛区,104.021427,30.686217,18301.9482418986
SCHOOL_680,学校,学校,小学,成都市石笋街小学,四川省成都市金牛区蜀兴西街9号,金牛区,104.022593,30.690465,16386.84480437
SCHOOL_681,学校,学校,大学/高等院校,中国电子科技集团公司第十研究所,四川省成都市金牛区营康西路85号,金牛区,104.026667,30.693382,8926.09339048187
SCHOOL_682,学校,学校,其他学校,金牛区图书馆,四川省成都市金牛区蜀蓉路77号金牛图书馆,金牛区,104.026002,30.690979,20850.1738162895
SCHOOL_683,学校,学校,其他学校,十所南院,四川省成都市金牛区营康西路85号,金牛区,104.025747,30.692655,16857.2962493178
SCHOOL_684,学校,学校,其他学校,成都十八中,四川省成都市金牛区金罗路4号,金牛区,104.029963,30.679507,27610.5969600445
SCHOOL_685,学校,学校,其他学校,四川省青少年社会教育服务中心,四川省成都市金牛区抚琴西路108号1栋,金牛区,104.034655,30.680147,3027.90891748975
SCHOOL_687,学校,学校,其他学校,机关二幼,成都市金牛区营通街10号,金牛区,104.032671,30.683414,3686.93798162604
SCHOOL_688,学校,学校,中学,成都金牛实验中学,四川省成都市金牛区中新路2号,金牛区,104.035244,30.67681,11490.4589291803
SCHOOL_689,学校,学校,小学,抚琴小学,成都市金牛区抚琴西南路9号,金牛区,104.035867,30.679118,5288.57242207718
SCHOOL_691,学校,学校,小学,成都市金琴路小学,四川省成都市金牛区抚琴街南四巷3号,金牛区,104.036402,30.681969,3220.5139362764
SCHOOL_694,学校,学校,小学,成都市奥林小学校,四川省成都市金牛区蜀营街16号,金牛区,104.030481,30.68834,6802.520339588
SCHOOL_697,学校,学校,大学/高等院校,中国电子科技集团公司第二十九研究所,四川省成都市金牛区营康西路496号,金牛区,104.019536,30.696465,83434.1271628955
SCHOOL_698,学校,学校,中学,成都市第二十中学校(高中部),四川省成都市金牛区茶店子横街6号,金牛区,104.020071,30.700739,60256.8360123579
SCHOOL_699,学校,学校,其他学校,成都四幼,四川省成都市金牛区育苗路4号,金牛区,104.020036,30.70336,7981.14655353154
SCHOOL_702,学校,学校,其他学校,成都七中八一学校,四川省成都市金牛区八一路22号,金牛区,104.025467,30.706623,33180.5783026822
SCHOOL_703,学校,学校,其他学校,成都百安消防职业技能培训学校,四川省成都市金牛区金府路239号,金牛区,104.025599,30.710099,5619.15883697296
SCHOOL_707,学校,学校,小学,成都市行知小学校(花照壁校区),四川省成都市金牛区花照壁中横街69号,金牛区,104.03554,30.700527,9670.20085667145
SCHOOL_708,学校,学校,中学,成都市第二十中学校(花照校区),四川省成都市金牛区银沙西街77号,金牛区,104.038529,30.700458,9929.95053960103
SCHOOL_714,学校,学校,中学,成都金牛实验中学行知校区,四川省成都市金牛区子星路555号,金牛区,104.030985,30.709507,25501.8040093198
SCHOOL_715,学校,学校,小学,成都市行知小学校(长久校区),四川省成都市金牛区交大路长久一巷86号,金牛区,104.033912,30.70578,10758.5406826623
SCHOOL_717,学校,学校,中学,成都市金牛实验中学校,成都市金牛区花照壁上横街天羽揽月北侧约90米,金牛区,104.030309,30.71023,25501.8040093198
SCHOOL_719,学校,学校,其他学校,成都十八中(抚琴校区),四川省成都市金牛区抚琴北巷1号,金牛区,104.041497,30.67816,14964.9604981833
SCHOOL_720,学校,学校,小学,成都市石笋街小学西区,四川省成都市金牛区西林巷16号,金牛区,104.044657,30.682821,6734.56679521202
SCHOOL_722,学校,学校,小学,成都市石笋街小学(东区),四川省成都市金牛区石笋街8号,金牛区,104.049144,30.676828,3939.8183902028
SCHOOL_724,学校,学校,大学/高等院校,成都工业学院(花牌坊校区),四川省成都市金牛区花牌坊街2号,金牛区,104.046399,30.679553,9020.94195315949
SCHOOL_725,学校,学校,中学,四川省成都市财贸职业高级中学(西校区),四川省成都市金牛区南薰巷25号,金牛区,104.046791,30.682645,17929.2312654104
SCHOOL_727,学校,学校,其他学校,成都市特殊教育学校,四川省成都市金牛区一环路北一段182号,金牛区,104.045649,30.688168,9711.9792231647
SCHOOL_728,学校,学校,中学,成都市金牛区实外高级中学,四川省成都市金牛区抚琴街道一环路北1段113号,金牛区,104.045276,30.68704,43467.3985297594
SCHOOL_729,学校,学校,大学/高等院校,四川老年大学,四川省成都市金牛区金沙路42号,金牛区,104.042662,30.690215,6922.71039831737
SCHOOL_730,学校,学校,小学,成都市光荣小学校,四川省成都市金牛区光荣西路68号,金牛区,104.040828,30.693542,4092.92496499459
SCHOOL_732,学校,学校,小学,成都市沙湾路小学校,四川省成都市金牛区沙湾路76号,金牛区,104.048628,30.688437,9048.3170636269
SCHOOL_735,学校,学校,中学,四川省成都市财贸职业高级中学校,四川省成都市金牛区光荣北路85号,金牛区,104.046531,30.690653,6685.84141686302
SCHOOL_736,学校,学校,中学,成都树德中学(宁夏街校区),四川省成都市青羊区树德里4号,青羊区,104.054072,30.67795,29019.2392696347
SCHOOL_739,学校,学校,小学,成都市西体路小学校,四川省成都市金牛区西体路9号,金牛区,104.057464,30.682217,5022.62236024863
SCHOOL_740,学校,学校,小学,成都五丁小学,四川省成都市金牛区西北桥东街88号,金牛区,104.058349,30.691972,7052.48414333448
SCHOOL_741,学校,学校,其他学校,成都七中万达学校(通锦校区),四川省成都市金牛区一环路北一段227号,金牛区,104.053679,30.686603,27752.6601305435
SCHOOL_746,学校,学校,大学/高等院校,西南交通大学-附属中学,四川省成都市金牛区交大路174号,金牛区,104.043319,30.700303,18070.9001487219
SCHOOL_747,学校,学校,大学/高等院校,西南交通大学土木工程学院,四川省成都市金牛区交大路146号,金牛区,104.044303,30.699733,4431.53859416594
SCHOOL_748,学校,学校,大学/高等院校,西南交通大学(九里校区),四川省成都市金牛区二环路北一段111号,金牛区,104.050546,30.701163,691897.606464403
SCHOOL_749,学校,学校,大学/高等院校,西南交通大学-子弟小学校,四川省成都市金牛区二环路北一段111号,金牛区,104.04727,30.700538,5770.95971835226
SCHOOL_750,学校,学校,大学/高等院校,西南交通大学网络教育学院-5号教学楼,成都市金牛区求实路西南交通大学(九里校区),金牛区,104.050038,30.699669,3002.20014435331
SCHOOL_751,学校,学校,大学/高等院校,西南交通大学-土木工程学院,四川省成都市金牛区二环路北一段111号,金牛区,104.05106,30.699666,5193.17985309284
SCHOOL_753,学校,学校,大学/高等院校,电子科技大学(九里堤校区),成都市金牛区九里堤西路8号,金牛区,104.046787,30.712306,40884.3492196636
SCHOOL_754,学校,学校,小学,成都市锦西外国语实验小学,四川省成都市金牛区星汉路18号,金牛区,104.045965,30.709078,6186.26724113661
SCHOOL_755,学校,学校,中学,成都市锦西中学校,四川省成都市金牛区星月街83号,金牛区,104.048525,30.707512,31634.6980790224
SCHOOL_756,学校,学校,小学,成都市茶店子小学校(九里堤分校),四川省成都市金牛区九里堤北路10号,金牛区,104.050967,30.708931,5021.98000350207
SCHOOL_761,学校,学校,大学/高等院校,西南交通大学-逸夫馆,四川省成都市金牛区二环路北一段111号,金牛区,104.053139,30.698455,9267.02072931553
SCHOOL_762,学校,学校,大学/高等院校,西南交通大学(九里校区)中心-教学楼,四川省成都市金牛区二环路北一段111号,金牛区,104.052113,30.699063,11015.8947829617
SCHOOL_765,学校,学校,大学/高等院校,西南交通大学九里校区机车车辆工程系,四川省成都市金牛区二环路北一段111号,金牛区,104.053538,30.701054,2451.8470257468
SCHOOL_767,学校,学校,大学/高等院校,四川电影电视学院(金牛校区),成都市金牛区西华大道593号,金牛区,104.023854,30.726299,128803.132582276
SCHOOL_768,学校,学校,其他学校,成都市铁中府河学校,四川省成都市金牛区西华大道602号,金牛区,104.024362,30.73008,21010.5295465243
SCHOOL_770,学校,学校,小学,成都市人民北路小学(华侨城校区),四川省成都市金牛区华丰路66号,金牛区,104.022281,30.721398,12692.4446371985
SCHOOL_780,学校,学校,小学,成都市新桥小学校,四川省成都市金牛区长月路1号,金牛区,104.047605,30.715545,20082.1548100398
SCHOOL_782,学校,学校,中学,成都市第四十四中学校,四川省成都市金牛区新泉路32号,金牛区,104.049687,30.724438,19873.9383593825
SCHOOL_783,学校,学校,其他学校,成都市全国重点乒乓球运动学校,四川省成都市金牛区星科北街66号,金牛区,104.055297,30.713853,18866.6704718144
SCHOOL_785,学校,学校,小学,成都市沙河源小学校,四川省成都市金牛区福泉路21号,金牛区,104.051863,30.724107,9565.78846838446
SCHOOL_786,学校,学校,小学,成都市泉水路小学,四川省成都市金牛区嘉泽路39号,金牛区,104.060893,30.730253,8030.93386994771
SCHOOL_790,学校,学校,中学,成都市树德实验中学(沙河校区),四川省成都市金牛区川建巷79号,金牛区,104.048112,30.733132,30344.5959369857
SCHOOL_791,学校,学校,小学,成都市金丰路小学校,四川省成都市金牛区金丰路787号,金牛区,104.043051,30.750448,36457.0550540347
SCHOOL_793,学校,学校,小学,成都市金牛区五月花中小学校(国嘉路),四川省成都市金牛区新荷路现车行对面,金牛区,104.051126,30.746124,3250.58277969688
SCHOOL_796,学校,学校,小学,成都市金建小学校,四川省成都市金牛区古柏路53号,金牛区,104.051827,30.733064,8180.2415332149
SCHOOL_797,学校,学校,其他学校,成都市金牛区育梁学校,成都市金牛区古柏村4组,金牛区,104.051186,30.748095,12339.150446122
SCHOOL_803,学校,学校,其他学校,成都高新区成外美年学校,四川省成都市武侯区天府五街德华路300号,武侯区,104.062706,30.536805,36849.0930639679
SCHOOL_804,学校,学校,其他学校,成都美视国际学校,四川省成都市高新区天府大道中段1340号,武侯区,104.063579,30.54104,129373.58491776
SCHOOL_806,学校,学校,小学,成都高新区菁蓉小学,四川省成都市武侯区天华二路133号,武侯区,104.073887,30.54242,19919.8349056198
SCHOOL_811,学校,学校,小学,成都高新区锦晖小学(金融城分校),四川省成都市高新区锦烨路6号,武侯区,104.073317,30.580757,14587.9452005364
SCHOOL_812,学校,学校,小学,成都高新区锦晖小学,四川省成都市武侯区锦晖东街66号,武侯区,104.070895,30.589684,15520.70293793
SCHOOL_816,学校,学校,中学,成都七中初中学校,四川省成都市武侯区天环街199号,武侯区,104.073829,30.598562,43193.1774397555
SCHOOL_822,学校,学校,其他学校,四川省机械研究设计院(墨香路店),四川省成都市锦江区墨香路48号,锦江区,104.087567,30.590723,17456.4368569736
SCHOOL_823,学校,学校,小学,盐道街小学(锦馨分校),四川省成都市锦江区榕声路166号,锦江区,104.094612,30.592654,16032.6722366233
SCHOOL_824,学校,学校,大学/高等院校,蓉生生物研究所,四川省成都市锦江区锦华路三段379号,锦江区,104.093063,30.586489,124419.235171224
SCHOOL_825,学校,学校,其他学校,成都市锦江区特殊教育学校(琉璃校区),四川省成都市锦江区琉璃路1715号,锦江区,104.093871,30.598681,22033.9196091585
SCHOOL_826,学校,学校,其他学校,成都市锦江区教师进修学校,四川省成都市锦江区皇经楼三街1号,锦江区,104.104968,30.592779,10829.8862999417
SCHOOL_828,学校,学校,小学,H07小学,四川省成都市锦江区柳江街道国安街,锦江区,104.08656,30.582555,27515.1942956722
SCHOOL_834,学校,学校,其他学校,成师附小白鹭溪分校,成都市锦江区正义路与忠勇路交叉路口往西约150米,锦江区,104.110068,30.562616,11356.3658738044
SCHOOL_836,学校,学校,其他学校,天际线足球俱乐部,四川省成都市锦江区琉新路301号,锦江区,104.111263,30.572794,3424.68984903559
SCHOOL_837,学校,学校,小学,成都市天涯石小学(逸景分校),四川省成都市锦江区锦丰三路38号,锦江区,104.109449,30.593199,16766.4260410178
SCHOOL_848,学校,学校,小学,三圣小学,四川省成都市锦江区洪柏路9号,锦江区,104.14291,30.587971,14620.1857598958
SCHOOL_852,学校,学校,小学,成都市盐道街小学(528校区),四川省成都市锦江区喜树街669号,锦江区,104.144145,30.597136,13329.547150712
SCHOOL_853,学校,学校,其他学校,成都七中育才学校(银杏校区),四川省成都市锦江区银木街38号,锦江区,104.145166,30.59108,31205.0290265512
SCHOOL_855,学校,学校,小学,成都市锦江区银杏小学,四川省成都市锦江区杨树街177号,锦江区,104.14804,30.592534,15294.5267190899
SCHOOL_859,学校,学校,其他学校,成都高新和平学校,四川省成都市武侯区天和路10号,武侯区,104.072713,30.605212,17776.631744705
SCHOOL_862,学校,学校,其他学校,吉的堡成长中心(成都维肯校区),四川省成都市武侯区棕树北街45号,武侯区,104.07151,30.617244,2645.17875429714
SCHOOL_863,学校,学校,小学,成都市科华中路小学,四川省成都市武侯区长寿路2号,武侯区,104.073343,30.614951,9955.87591714379
SCHOOL_864,学校,学校,中学,成都七中初中附属小学,四川省成都市武侯区金桂路85号,武侯区,104.080921,30.605753,21900.5915622948
SCHOOL_866,学校,学校,大学/高等院校,四川大学附属中学科华校区(初中部),四川省成都市武侯区航空路16号,武侯区,104.076055,30.618154,18976.8135097742
SCHOOL_868,学校,学校,大学/高等院校,成都中医药大学(人民南路校区),四川省成都市武侯区人民南路四段17号,武侯区,104.065621,30.628375,34065.1599784697
SCHOOL_869,学校,学校,小学,锦官新城小学,四川省成都市武侯区航空路9号,武侯区,104.073152,30.619537,11546.350739456
SCHOOL_873,学校,学校,大学/高等院校,西南技术物理研究所(成都本部),人民南路四段7号,武侯区,104.065453,30.632284,9355.49093398502
SCHOOL_876,学校,学校,大学/高等院校,成都中医药大学-第二临床医学院,四川省成都市武侯区人民南路四段15号,武侯区,104.06523,30.628644,6262.11524167584
SCHOOL_878,学校,学校,大学/高等院校,农业农村部沼气科学研究所,四川省成都市武侯区人民南路四段13号1栋二单元,武侯区,104.065284,30.629394,11453.4510536041
SCHOOL_879,学校,学校,大学/高等院校,西华大学(人南校区),四川省成都市武侯区人民南路三段37号,武侯区,104.06527,30.637064,18961.5589422718
SCHOOL_881,学校,学校,中学,棕北中学,四川省成都市武侯区科院街10号,武侯区,104.068398,30.629003,12167.5966446004
SCHOOL_882,学校,学校,大学/高等院校,中国科学院成都生物研究所,四川省成都市武侯区人民南路四段9号中科院成都信息技术有限公司南楼401室,武侯区,104.069032,30.632523,11723.2080206501
SCHOOL_883,学校,学校,大学/高等院校,中国科学院-成都有机化学研究所,四川省成都市武侯区人民南路四段9-10号,武侯区,104.0702,30.632478,10702.8218664618
SCHOOL_885,学校,学校,小学,成都市棕北小学,四川省成都市武侯区棕南西街2号,武侯区,104.071945,30.629058,5909.18658016631
SCHOOL_886,学校,学校,小学,成都市磨子桥小学,四川省成都市武侯区一环路南二段14号,武侯区,104.06889,30.635461,6209.61541182476
SCHOOL_888,学校,学校,大学/高等院校,中国科学院水利部成都山地灾害与环境研究所(科学园医院东南),四川省成都市武侯区人民南路四段9号中国科学院水利部成都,武侯区,104.06899,30.633352,3872.63223305925
SCHOOL_890,学校,学校,其他学校,川大双创基地,四川省成都市武侯区望江路街道科华街10号,武侯区,104.075054,30.626605,5955.99921461565
SCHOOL_891,学校,学校,其他学校,成都市武侯区教师继续教育中心,四川省成都市武侯区郭家桥西街11号,武侯区,104.077928,30.623846,3187.57235241622
SCHOOL_895,学校,学校,大学/高等院校,四川大学-科技创新中心(望江校区),四川省成都市武侯区科华北路133号,武侯区,104.077095,30.629354,10726.7434451556
SCHOOL_896,学校,学校,大学/高等院校,四川大学-研究生院(望江校区),四川省成都市武侯区一环路南一段24号,武侯区,104.077484,30.632514,24421.9391596913
SCHOOL_900,学校,学校,大学/高等院校,四川大学化学工程学院(望江校区),四川省成都市武侯区一环路南一段24号,武侯区,104.07469,30.635316,3187.26319455475
SCHOOL_901,学校,学校,其他学校,工学图书馆,四川省成都市武侯区一环路南一段24号,武侯区,104.077023,30.634161,8819.80262064674
SCHOOL_902,学校,学校,大学/高等院校,四川大学望江校区西5教学楼,成都市武侯区北园路四川大学(望江校区),武侯区,104.077105,30.636303,2822.05014627571
SCHOOL_905,学校,学校,中学,四川省成都市第十二中学,四川省成都市武侯区太平南新街68号,武侯区,104.083902,30.63768,40929.1456346831
SCHOOL_906,学校,学校,大学/高等院校,四川大学-附属实验小学(望江路校区),四川省成都市武侯区望江路29号,武侯区,104.083557,30.635847,14838.1783952428
SCHOOL_907,学校,学校,大学/高等院校,四川大学-电子信息学院(望江校区),四川省成都市武侯区一环路南一段24号四川大学望江校区东园,武侯区,104.079218,30.634992,2832.57529179174
SCHOOL_909,学校,学校,其他学校,成都七中育才学校(东湖校区),四川省成都市锦江区锦丽路(中港CCPark二期南侧),锦江区,104.093649,30.618817,25950.4399866681
SCHOOL_910,学校,学校,小学,成都师范附属小学(华润分校),四川省成都市锦江区锦华路一段260号,锦江区,104.095448,30.617666,12984.6729634719
SCHOOL_914,学校,学校,其他学校,川师附中(锦华分校),四川省成都市锦江区经天西路69号,锦江区,104.102584,30.600831,25956.4641770014
SCHOOL_915,学校,学校,小学,成都市盐道街小学(得胜分校),四川省成都市锦江区仁居路19号,锦江区,104.099251,30.603179,21574.1574070696
SCHOOL_916,学校,学校,大学/高等院校,成都市社会科学院,四川省成都市锦江区晨辉北路1号,锦江区,104.098779,30.608257,14422.2733494984
SCHOOL_921,学校,学校,中学,成都市锦江区嘉祥外国语高级中学,四川省成都市锦江区晨辉北路6号,锦江区,104.10111,30.611564,130941.227411148
SCHOOL_924,学校,学校,大学/高等院校,四川省农业科学院(静平路),四川省成都市锦江区狮子山4号,锦江区,104.105549,30.613186,28829.8284696553
SCHOOL_931,学校,学校,小学,成都市盐道街小学(东湖分校),四川省成都市锦江区锦丽路270号,锦江区,104.093293,30.620679,8929.99019340911
SCHOOL_934,学校,学校,大学/高等院校,四川大学-生命科学学院(望江校区),四川省成都市武侯区一环路南一段29号,武侯区,104.0866,30.631412,4142.22406213796
SCHOOL_936,学校,学校,大学/高等院校,四川大学(望江校区)物理馆,四川省成都市武侯区望江路29号,武侯区,104.087683,30.633572,3072.91386171908
SCHOOL_937,学校,学校,大学/高等院校,四川大学-文科楼(望江校区),四川省成都市武侯区望江路29号,武侯区,104.088739,30.635931,3950.46080724579
SCHOOL_938,学校,学校,大学/高等院校,四川大学-文理图书馆,四川省成都市武侯区一环路南一段24号,武侯区,104.087478,30.636269,5086.87349687217
SCHOOL_941,学校,学校,中学,成都市田家炳中学,四川省成都市锦江区顺江路369号,锦江区,104.093238,30.6336,20926.915790786
SCHOOL_943,学校,学校,小学,成都市东光实验小学,四川省成都市锦江区东光南二巷1号,锦江区,104.100165,30.619476,9116.11911524433
SCHOOL_945,学校,学校,小学,成都市龙舟路小学,四川省成都市锦江区糍粑店街93号,锦江区,104.09864,30.626918,8322.12881528835
SCHOOL_947,学校,学校,其他学校,交大-绿岭东区,观音桥77号,锦江区,104.104157,30.621445,8061.79534222688
SCHOOL_948,学校,学校,大学/高等院校,四川省农业科学院,四川省成都市锦江区静居寺路20号,锦江区,104.104997,30.626985,99593.3161704522
SCHOOL_953,学校,学校,中学,田家炳中学(初中部),四川省成都市锦江区工农院街69号,锦江区,104.09658,30.633374,7117.29358197877
SCHOOL_954,学校,学校,中学,四川师大附中(初中部),四川省成都市锦江区海椒市街103号,锦江区,104.097775,30.636714,15511.2878714341
SCHOOL_956,学校,学校,其他学校,成都市七中育才学校(汇源校区),四川省成都市锦江区汇泉南路336号,锦江区,104.105623,30.633826,54974.7154486522
SCHOOL_958,学校,学校,大学/高等院校,成都师范学院(人南校区),四川省成都市武侯区人民南路三段24号,武侯区,104.063026,30.639196,29805.9437805705
SCHOOL_960,学校,学校,大学/高等院校,四川大学(华西校区),成都市武侯区人民南路三段17号,武侯区,104.065719,30.643134,361064.864960779
SCHOOL_961,学校,学校,大学/高等院校,四川大学(华西校区)-东区,成都市人民南路三段17号,武侯区,104.067154,30.642842,271308.919010966
SCHOOL_962,学校,学校,大学/高等院校,四川大学华西校区东区图书馆,四川成都市武侯区人民南路三段17号,武侯区,104.066873,30.644012,2989.95262377133
SCHOOL_963,学校,学校,大学/高等院校,四川大学华西逸夫基础医学楼,四川省成都市武侯区人民南路三段17号,武侯区,104.064561,30.644098,2918.77285939058
SCHOOL_964,学校,学校,大学/高等院校,四川大学华西校区东区-第三教学楼,四川省成都市武侯区人民南路三段17号,武侯区,104.067248,30.643149,2435.35198424409
SCHOOL_967,学校,学校,其他学校,成都七中(林荫校区),四川省成都市武侯区林荫中街1号,武侯区,104.072285,30.638017,33909.4390268528
SCHOOL_968,学校,学校,小学,成都市华西小学,四川成都市武侯区新南门118号,武侯区,104.069989,30.640916,4791.02684053378
SCHOOL_969,学校,学校,小学,金苹果龙南小学,四川省成都市武侯区大学路6号,武侯区,104.069048,30.645683,6851.64825644723
SCHOOL_970,学校,学校,其他学校,四川省直属机关实验婴儿园,四川省成都市武侯区胜利新村11号,武侯区,104.071561,30.642898,4232.02943368996
SCHOOL_971,学校,学校,小学,成都市盐道街小学(本部),四川省成都市锦江区盐道街2号,锦江区,104.066171,30.651735,5311.6317379157
SCHOOL_972,学校,学校,大学/高等院校,成都信息工程大学(人南校区),四川省成都市武侯区人民南路三段6号,武侯区,104.063056,30.647665,7160.27884886257
SCHOOL_973,学校,学校,中学,四川省成都市盐道街中学,四川省成都市锦江区盐道街4号,锦江区,104.0659,30.65223,14525.0191441684
SCHOOL_974,学校,学校,中学,四川省成都市盐道街中学(高中部),四川省成都市锦江区滨江中路7号,锦江区,104.069598,30.649999,24641.2125917397
SCHOOL_978,学校,学校,小学,成都师范附属小学,四川省成都市锦江区学道街55号,锦江区,104.069894,30.654673,13742.7850926324
SCHOOL_979,学校,学校,小学,成都师范附属小学-B区,四川省成都市锦江区新半边街64号附5号,锦江区,104.069498,30.655061,4295.22291802639
SCHOOL_980,学校,学校,其他学校,成师附小c区,四川省成都市锦江区锦兴路26号,锦江区,104.070491,30.652577,3247.14527194547
SCHOOL_984,学校,学校,大学/高等院校,四川音乐学院(武侯校区),四川省成都市武侯区新生路6号,武侯区,104.07637,30.640214,52900.3170366895
SCHOOL_985,学校,学校,大学/高等院校,四川艺术职业学院,四川省成都市武侯区新生路5号,武侯区,104.077435,30.642063,12575.8776975546
SCHOOL_988,学校,学校,大学/高等院校,成都市技师学院临江路校区(临江东路),四川省成都市武侯区临江东路28号,武侯区,104.074336,30.647134,5747.19953014355
SCHOOL_990,学校,学校,大学/高等院校,成都市老年大学,四川省成都市武侯区致民东路16号,武侯区,104.082466,30.64256,16121.8785691791
SCHOOL_991,学校,学校,大学/高等院校,四川音乐学院附属实验小学,四川省成都市武侯区丝竹路165号,武侯区,104.079308,30.639842,5945.0255043889
SCHOOL_993,学校,学校,其他学校,成都七中育才学校(学道分校),四川省成都市锦江区东南里七中育才学道分校东南里5号,锦江区,104.078135,30.649382,13928.4439931119
SCHOOL_998,学校,学校,小学,成都市东城根街小学b区(B区),成都市青羊区新华大道江汉路与千祥街交叉路口往南约50米(银都大厦东侧约50米),青羊区,104.063504,30.674961,10922.1947052571
SCHOOL_1001,学校,学校,大学/高等院校,四川省科学技术信息研究所,四川省成都市锦江区大慈寺路32号,锦江区,104.082211,30.65811,4785.04880879148
SCHOOL_1002,学校,学校,中学,四川省成都市第十七中学(初中部),四川省成都市锦江区红星路二段十七中83号,锦江区,104.08101,30.661439,10059.0773302547
SCHOOL_1003,学校,学校,小学,成都市和平街小学,四川省成都市锦江区竹林巷62号,锦江区,104.079041,30.665603,3371.15636486293
SCHOOL_1006,学校,学校,小学,成都市双眼井小学,四川省成都市青羊区正通顺街99号,青羊区,104.076105,30.672988,4718.92382299697
SCHOOL_1007,学校,学校,小学,东城根街小学(C区),四川省成都市青羊区太升北路13号,青羊区,104.078871,30.671642,6565.89539406366
SCHOOL_1010,学校,学校,中学,成都市第十一中学校,四川省成都市青羊区育婴堂街33号,青羊区,104.082098,30.668651,9209.99488989659
SCHOOL_1011,学校,学校,小学,成都市新华路小学,玉沙路7家巷12号,锦江区,104.080554,30.667358,3352.01480955756
SCHOOL_1014,学校,学校,中学,成都市第十一中学(红星路校区),四川省成都市青羊区马镇街10号,青羊区,104.084093,30.671522,14454.6258977503
SCHOOL_1018,学校,学校,其他学校,成都七中育才学校(水井坊校区),四川省成都市锦江区双槐树街54号,锦江区,104.085416,30.646953,15181.1523822143
SCHOOL_1019,学校,学校,其他学校,成都化工研究设计院,四川省成都市锦江区星桥街112号,锦江区,104.086754,30.644865,7829.11498842581
SCHOOL_1020,学校,学校,小学,盐道街小学-东区,四川省成都市锦江区莲花南路10号,锦江区,104.094506,30.639018,7419.65872381694
SCHOOL_1022,学校,学校,小学,成都市娇子小学,四川省成都市锦江区宏顺街116号娇子小学二期65号,锦江区,104.093566,30.64362,10569.3637675019
SCHOOL_1024,学校,学校,小学,锦官驿小学,四川省成都市锦江区东大街牛王庙段70号,锦江区,104.088735,30.648322,7481.59050575935
SCHOOL_1025,学校,学校,其他学校,成都十七中,四川省成都市锦江区较场坝东街48号,锦江区,104.088988,30.650552,13629.0072053069
SCHOOL_1027,学校,学校,其他学校,中国电力工程顾问集团西南电力设计院有限公司,四川省成都市成华区东风路16号,成华区,104.089266,30.655953,68207.8265739215
SCHOOL_1030,学校,学校,其他学校,成都市成华区特殊教育学校,四川省成都市成华区东风路北一巷3号,成华区,104.091535,30.65664,3075.54975923417
SCHOOL_1034,学校,学校,小学,成都市双林小学(北校区),四川省成都市成华区双林中横路8号18栋,成华区,104.104183,30.650181,9081.75624854292
SCHOOL_1035,学校,学校,其他学校,成都爱思瑟国际学校,四川省成都市锦江区水碾河南路60-号,锦江区,104.09781,30.648742,8458.05750771617
SCHOOL_1036,学校,学校,其他学校,成都市列五书池学校,四川省成都市成华区双桥路248号,成华区,104.097881,30.654141,20310.8346108379
SCHOOL_1037,学校,学校,小学,成都市双林小学,四川省成都市成华区双林中横路,成华区,104.104666,30.654891,7198.34110514055
SCHOOL_1041,学校,学校,小学,成都市天涯石小学,四川省成都市锦江区天涯石南街78号,锦江区,104.085292,30.659553,11935.8943412507
SCHOOL_1046,学校,学校,中学,四川省成都市第二中学,四川省成都市锦江区红星路一段37号,锦江区,104.085117,30.667321,14228.1334663973
SCHOOL_1047,学校,学校,小学,成都市天涯石小学(昭忠祠分校),四川省成都市锦江区昭忠祠街62号,锦江区,104.086891,30.669462,3425.72922919075
SCHOOL_1049,学校,学校,中学,成都石室中学初中学校(过渡校区),四川省成都市成华区建设北路一段5号,成华区,104.093986,30.674993,9604.09998578783
SCHOOL_1050,学校,学校,大学/高等院校,成都广播电视大学(青鸟信息分院),四川省成都市成华区建设北路1段-2号-附41号,成华区,104.093296,30.674302,4780.40029630809
SCHOOL_1052,学校,学校,中学,成都列五中学(高中部),四川省成都市成华区双园巷9号,成华区,104.106319,30.658142,35136.8892416374
SCHOOL_1053,学校,学校,其他学校,成都双语实验学校,四川省成都市成华区双林路189号,成华区,104.096461,30.661498,14788.9186601978
SCHOOL_1054,学校,学校,小学,成都市成华小学校(华美校区),四川省成都市成华区新鸿南路77号11幢,成华区,104.104842,30.661647,6412.59346679858
SCHOOL_1061,学校,学校,小学,猛追湾小学,猛追湾街道建华南巷11号,成华区,104.096708,30.661837,6196.13605991481
SCHOOL_1064,学校,学校,小学,成都市培华小学,四川省成都市成华区培华西路4号,成华区,104.10002,30.669204,6188.14560710175
SCHOOL_1065,学校,学校,中学,成都石室中学初中学校(培华校区),四川省成都市成华区培华西路3号,成华区,104.10052,30.668185,14159.4274959987
SCHOOL_1067,学校,学校,小学,成都市龙成小学,四川省成都市成华区建设巷15号,成华区,104.099118,30.674735,8957.85837791004
SCHOOL_1073,学校,学校,其他学校,四川省成都市七中育才学校华兴分校,四川省成都市锦江区静祥路150号,锦江区,104.117156,30.602399,22967.1004387808
SCHOOL_1074,学校,学校,小学,成都市锦江区东蜀华育小学校,成都市锦江区皇经楼村7组99号,锦江区,104.108475,30.604754,27843.4583376423
SCHOOL_1076,学校,学校,小学,成都市锦江区东华小学,四川省成都市锦江区人民政府东北50米金像寺路220号,锦江区,104.116585,30.603629,12132.8104551181
SCHOOL_1078,学校,学校,其他学校,成都华大医药卫生学校,四川省成都市锦江区经天东路皇经楼7组97号,锦江区,104.108825,30.602926,54523.0720474558
SCHOOL_1079,学校,学校,其他学校,成都市锦江区师一学校(师大一中),四川省成都市锦江区静安路288号,锦江区,104.109809,30.610104,43623.8166681789
SCHOOL_1080,学校,学校,小学,成都师范附属小学(万科分校),四川省成都市锦江区花园街20,锦江区,104.111531,30.618286,13526.6224106142
SCHOOL_1081,学校,学校,大学/高等院校,省农业科学院狮子山片区,四川省成都市锦江区狮子山路4号,锦江区,104.107134,30.614663,51671.1614510105
SCHOOL_1082,学校,学校,大学/高等院校,四川省农科院农产品加工研究所,四川省成都市锦江区狮子山路60号,锦江区,104.107723,30.617769,11199.022448124
SCHOOL_1083,学校,学校,大学/高等院校,四川省农科院生物技术核技术研究所农林保水剂中试实验室,成都市锦江区静安路自在轩西北侧约100米,锦江区,104.108965,30.616913,2903.73994210695
SCHOOL_1084,学校,学校,大学/高等院校,四川师范大学(狮子山校区)-图书馆,四川省成都市锦江区静安路5号,锦江区,104.117307,30.61188,2476.09475027015
SCHOOL_1085,学校,学校,大学/高等院校,四川师范大学(狮子山校区)-文学院,四川省成都市锦江区静安路5号,锦江区,104.117034,30.611108,2015.91781868977
SCHOOL_1087,学校,学校,其他学校,成都三中,四川省成都市锦江区水杉街300号,锦江区,104.12609,30.606157,32831.8123965824
SCHOOL_1090,学校,学校,大学/高等院校,四川师范大学(狮子山校区),四川省成都市锦江区静安路5号,锦江区,104.120877,30.612889,415369.76918333
SCHOOL_1091,学校,学校,大学/高等院校,四川师范大学附属实验学校(小学部),四川省成都市锦江区静安路5号,锦江区,104.11865,30.613771,9674.64160310711
SCHOOL_1092,学校,学校,大学/高等院校,四川师范大学狮子山校区-第四教学楼,四川省成都市锦江区静安路5号,锦江区,104.1184,30.612455,2044.07668747343
SCHOOL_1093,学校,学校,大学/高等院校,四川师范大学(狮子山校区)-综合实验楼,四川省成都市锦江区静安路5号,锦江区,104.119566,30.612232,3016.33721062702
SCHOOL_1094,学校,学校,大学/高等院校,四川师范大学(狮子山校区)-第六教学楼,四川省成都市锦江区静安路5号,锦江区,104.118689,30.611123,2298.8526836736
SCHOOL_1095,学校,学校,大学/高等院校,四川师范大学附属实验学校,四川省成都市锦江区静安路5号,锦江区,104.11916,30.614028,9674.64160310711
SCHOOL_1098,学校,学校,中学,四川师大附中(高中部),四川省成都市锦江区菱安路101号,锦江区,104.118757,30.616981,44908.7943035763
SCHOOL_1099,学校,学校,大学/高等院校,四川师范大学(狮子山校区)-第九教学楼,四川省成都市锦江区静安路5号,锦江区,104.121731,30.615721,2877.58912646577
SCHOOL_1103,学校,学校,小学,马家沟小学,四川省成都市锦江区马家沟160号,锦江区,104.109064,30.625703,12664.854543119
SCHOOL_1106,学校,学校,大学/高等院校,四川省农业科学院遥感应用研究所,四川省成都市锦江区净居寺路20号,锦江区,104.107923,30.625846,9531.6730421813
SCHOOL_1108,学校,学校,小学,成都师范附属小学(慧源校区),四川省成都市锦江区汇源南路316号,锦江区,104.107097,30.632754,14826.403436057
SCHOOL_1110,学校,学校,其他学校,英贝思塔尔森国际教育园,四川省成都市锦江区塔子山南街15号,锦江区,104.115526,30.632515,14977.5311396871
SCHOOL_1111,学校,学校,大学/高等院校,四川邮电职业技术学院,四川省成都市锦江区静康路536号,锦江区,104.121579,30.62215,144298.923734354
SCHOOL_1112,学校,学校,小学,成都市菱窠路小学,四川省成都市锦江区菱窠路133号,锦江区,104.119013,30.62059,13560.2528469724
SCHOOL_1113,学校,学校,大学/高等院校,四川邮电职业技术学院-图书馆,四川成都市锦江区静康路536号,锦江区,104.122603,30.623077,2676.98364407663
SCHOOL_1114,学校,学校,其他学校,成都锦欣职业技能培训学校,四川省成都市锦江区菱窠路90号,锦江区,104.117482,30.620191,10092.2618153287
SCHOOL_1116,学校,学校,小学,成都市沙河堡小学,四川省成都市锦江区岷山路9号,锦江区,104.120212,30.628059,20786.2190492681
SCHOOL_1117,学校,学校,大学/高等院校,成都大学附属中学,四川省成都市成华区安宁河路1617号,成华区,104.121983,30.627315,33631.6454331065
SCHOOL_1122,学校,学校,中学,成都树德中学(外国语校区),四川省成都市锦江区百日红西路398号,锦江区,104.138572,30.607797,78770.7678924561
SCHOOL_1123,学校,学校,小学,成都市盐道街小学(卓锦分校),四川省成都市锦江区海枣街88号,锦江区,104.132372,30.602293,16014.9614898397
SCHOOL_1124,学校,学校,其他学校,成都市现代职业技术学校成龙校区(枫树街校区),四川省成都市锦江区枫树街899号,锦江区,104.13625,30.604475,29064.5118768065
SCHOOL_1128,学校,学校,其他学校,成都市锦江实验学校,四川省成都市锦江区蝶花街577号,锦江区,104.131029,30.613347,17045.0516097063
SCHOOL_1129,学校,学校,小学,成都市大观小学,四川省成都市锦江区大观里6号,锦江区,104.135866,30.618714,7704.88952520898
SCHOOL_1134,学校,学校,小学,锦江外国语小学-西区,四川省成都市锦江区月季街77号,锦江区,104.140499,30.608607,21494.2084249337
SCHOOL_1138,学校,学校,小学,成都市锦江外国语小学低段部,四川省成都市锦江区喜树街268号,锦江区,104.14958,30.605818,4966.46283444355
SCHOOL_1139,学校,学校,小学,锦江外国语小学-东区,四川省成都市锦江区喜树街268号,锦江区,104.14943,30.605654,10371.6266700667
SCHOOL_1140,学校,学校,其他学校,四川师大附中外国语学校,四川省成都市锦江区大观堰街2号,锦江区,104.131342,30.623158,20159.9672638665
SCHOOL_1141,学校,学校,小学,成都市蓉城小学(芙蓉分校),四川省成都市成华区大渡河路与峨眉山路交叉路口往东南约90米,成华区,104.129333,30.626193,11852.5249305649
SCHOOL_1144,学校,学校,中学,成都渥太华中学,成都市成华区迎晖路南侧,成华区,104.135206,30.637712,33504.3029361077
SCHOOL_1147,学校,学校,小学,蓉城小学,四川省成都市成华区邛崃山路115号,成华区,104.143602,30.634204,10745.1483725234
SCHOOL_1148,学校,学校,小学,成都市盐道街小学(汇泉校区),四川省成都市锦江区汇聚路216号,锦江区,104.10854,30.641871,11494.659799741
SCHOOL_1150,学校,学校,小学,盐道街小学(通桂校区),四川省成都市锦江区通桂路68号,锦江区,104.116505,30.639672,15611.2238017238
SCHOOL_1154,学校,学校,小学,成都市成华小学校(和美校区),四川省成都市成华区二环路东三段33号(万年路地铁站B口步行130米),成华区,104.111569,30.655705,2766.26085865516
SCHOOL_1156,学校,学校,小学,成都石室小学,四川省成都市成华区双福三路62号,成华区,104.117023,30.649953,18543.8049883765
SCHOOL_1159,学校,学校,其他学校,成都市现代职业技术学校(双桂路校区),四川省成都市成华区双桂路21号,成华区,104.118653,30.642096,12283.2729802333
SCHOOL_1161,学校,学校,其他学校,成都市体育运动学校,四川省成都市成华区御风二路16号,成华区,104.127133,30.642288,31227.628979974
SCHOOL_1163,学校,学校,中学,成都市双庆中学(万年校区),四川省成都市成华区长天路9号,成华区,104.123257,30.648352,11214.9945648844
SCHOOL_1164,学校,学校,小学,成都市双庆小学校(万兴校区),成都市成华区万兴街与禾田路交叉口东南150米,成华区,104.1225,30.654393,11493.5616914418
SCHOOL_1167,学校,学校,小学,成都市双庆小学校,四川省成都市成华区长天路11号,成华区,104.122487,30.649478,5349.11024598033
SCHOOL_1170,学校,学校,小学,成都市建设路小学(建业校区),四川省成都市成华区建业路73号,成华区,104.109777,30.673353,14378.3429202497
SCHOOL_1173,学校,学校,小学,成都市成华小学校(秀美校区),四川省成都市成华区东秀二路200号,成华区,104.117951,30.660558,14522.9267918356
SCHOOL_1174,学校,学校,小学,四川交响乐团附属小学,四川省成都市成华区杉板桥南五路133号,成华区,104.12755,30.665709,11219.0870898737
SCHOOL_1179,学校,学校,小学,成都市建设路小学(建功校区),四川省成都市成华区建设南路98号,成华区,104.119206,30.674464,8742.91225197914
SCHOOL_1180,学校,学校,小学,成都市双林小学(御风分校),四川省成都市成华区槐庭路110号,成华区,104.130927,30.64451,14472.7760881644
SCHOOL_1181,学校,学校,其他学校,成都市第十四幼和雅分园,四川省成都市成华区槐庭路60号,成华区,104.130598,30.64711,4220.02179847765
SCHOOL_1182,学校,学校,小学,成都英华学校(小学部),四川省成都市成华区白龙江路326号,成华区,104.129175,30.638211,16475.4617542561
SCHOOL_1183,学校,学校,大学/高等院校,成都市技师学院(东校区),四川省成都市成华区槐树店路32号,成华区,104.138621,30.652914,15408.5129432779
SCHOOL_1184,学校,学校,小学,成都市锦汇东城小学,四川省成都市成华区槐树店一路345号,成华区,104.130037,30.647903,14976.3969331242
SCHOOL_1185,学校,学校,小学,成都市杨柳小学校,四川省成都市成华区东虹西四路10号,成华区,104.148284,30.643306,15082.4935137188
SCHOOL_1186,学校,学校,其他学校,成都市检查井盖研发和培训基地,成都市成华区成渝立交保和小区-2期东南侧约110米,成华区,104.148979,30.639322,11284.2542967471
SCHOOL_1188,学校,学校,大学/高等院校,中国五冶职工大学,四川省成都市成华区槐树店路35号,成华区,104.139534,30.651108,10394.9160920672
SCHOOL_1189,学校,学校,其他学校,成都市华建学校,四川省成都市成华区槐树店路26号,成华区,104.139839,30.648567,12867.5316233701
SCHOOL_1192,学校,学校,其他学校,成都南华实验学校,四川省成都市成华区崔家店路162号,成华区,104.129425,30.660886,11029.5164554974
SCHOOL_1194,学校,学校,其他学校,生育文化大院,成都市成华区跳蹬河南路11号,成华区,104.133805,30.657803,27048.6352458759
SCHOOL_1197,学校,学校,大学/高等院校,成都理工大学(南校区),成都市成华区崔家店路502号,成华区,104.136241,30.667283,113555.605989901
SCHOOL_1198,学校,学校,其他学校,学成高考补习学校,四川省成都市成华区崔家店路538号,成华区,104.135225,30.670001,2552.85376167344
SCHOOL_1199,学校,学校,其他学校,老鹰画室(成都精品校区),四川省成都市成华区崔家店路538号,成华区,104.135473,30.670482,7306.66166788305
SCHOOL_1200,学校,学校,大学/高等院校,成都理工大学(南校区)-继续教育学院,四川成都市成华区崔家店路502号成都理工大学南校区106号,成华区,104.135591,30.667407,55153.1551915793
SCHOOL_1204,学校,学校,大学/高等院校,成都理工大学-银杏园,成都市成华区二仙桥东三路1号,成华区,104.142285,30.67294,37805.1588175456
SCHOOL_1206,学校,学校,小学,成都市人民北路小学,四川省成都市金牛区成华街4号,金牛区,104.072213,30.684086,5876.67226872234
SCHOOL_1207,学校,学校,其他学校,成都市工业职业技术学校(公交校区),四川省成都市金牛区成华街2号,金牛区,104.070984,30.684107,4861.56601797513
SCHOOL_1208,学校,学校,中学,人民北路中学,四川省成都市金牛区白马寺街15号,金牛区,104.064782,30.684281,5933.38783456703
SCHOOL_1210,学校,学校,其他学校,成都铁中,四川省成都市金牛区一环路北二段34号,金牛区,104.065124,30.68746,35939.7273236173
SCHOOL_1211,学校,学校,小学,北站小学,四川省成都市金牛区北站西三巷与北站西二路交叉路口往东约150米(成都铁路运输学校南侧),金牛区,104.065426,30.691351,16687.5550519273
SCHOOL_1213,学校,学校,其他学校,中国地质调查局成都地质调查中心(一环路北三段),四川省成都市金牛区一环路北三段2号,金牛区,104.073453,30.686893,6989.88479136625
SCHOOL_1214,学校,学校,其他学校,四川省地质调查院,四川省成都市金牛区人民北路一段25号,金牛区,104.072212,30.687257,11915.7624897275
SCHOOL_1216,学校,学校,其他学校,四川省建筑设计院,四川省成都市青羊区大安中路65号,青羊区,104.0776,30.676125,9134.85199541385
SCHOOL_1218,学校,学校,中学,成都市第八中学,四川省成都市金牛区一环路北三段72号,金牛区,104.077581,30.683789,34506.8681232373
SCHOOL_1219,学校,学校,小学,成都市人民北路小学校(东区),四川省成都市金牛区花圃路南二巷1号,金牛区,104.076619,30.681198,3979.43440888513
SCHOOL_1221,学校,学校,小学,成都市张家巷小学,四川省成都市金牛区驷马桥街道绕城环线以外张家巷40号,金牛区,104.079946,30.681354,2993.48058779988
SCHOOL_1223,学校,学校,小学,成都市解放北路第一小学,四川省成都市金牛区解放路一段2号,金牛区,104.08214,30.686098,5692.0494497604
SCHOOL_1224,学校,学校,大学/高等院校,四川省建筑技术进修学院,四川省成都市金牛区红花西路10号,金牛区,104.082222,30.693913,6096.84873506289
SCHOOL_1230,学校,学校,小学,成都市五块石小学,四川省成都市金牛区赛云台西一路1号,金牛区,104.062725,30.704685,5243.46192217379
SCHOOL_1231,学校,学校,小学,成都市站东小学校,四川省成都市成华区站北中街16号,成华区,104.070737,30.709843,14899.9129011852
SCHOOL_1232,学校,学校,其他学校,金牛区嘉祥学校,四川省成都市金牛区五块石东二路龙湖北城天街南侧约90米,金牛区,104.066223,30.711874,26844.7694687301
SCHOOL_1235,学校,学校,小学,成都市荷花池小学,四川省成都市金牛区二环路北三段365号,金牛区,104.076344,30.697438,3750.42893514988
SCHOOL_1237,学校,学校,小学,成都市马鞍小学,四川省成都市金牛区马鞍街72号,金牛区,104.088077,30.679993,3319.05374016758
SCHOOL_1240,学校,学校,大学/高等院校,成都大学附属中学校,四川省成都市成华区三友路135号新1号,成华区,104.089158,30.685119,10769.7602827309
SCHOOL_1241,学校,学校,大学/高等院校,电子科技大学继续教育学院,四川省成都市成华区一环路东一段240号,成华区,104.094073,30.676395,10006.6417320391
SCHOOL_1243,学校,学校,小学,成都市人北实验小学,四川省成都市金牛区泰宏街10号,金牛区,104.08829,30.689759,9162.20293104846
SCHOOL_1244,学校,学校,小学,成都市李家沱实验小学,四川省成都市成华区平安正街45号,成华区,104.090867,30.68581,6384.33884092899
SCHOOL_1249,学校,学校,大学/高等院校,电子科技大学(沙河校区),四川省成都市成华区建设北路1段240号,成华区,104.097643,30.678103,297241.884750167
SCHOOL_1250,学校,学校,大学/高等院校,电子科技大学-图书馆,四川成都市成华区建设北路二段4号,成华区,104.096584,30.676131,4796.2448648372
SCHOOL_1251,学校,学校,大学/高等院校,电子科技大学-通信楼(沙河校区),四川省成都市成华区建设北路二段4号,成华区,104.098389,30.678611,3802.29295542832
SCHOOL_1252,学校,学校,大学/高等院校,电子科技大学沙河校区-主楼,四川省成都市成华区建设北路二段4号,成华区,104.098577,30.676612,14542.1404223062
SCHOOL_1253,学校,学校,大学/高等院校,电子科技大学(沙河校区)-第二教学楼,四川成都市成华区建设北路二段4号电子科技大学沙河校区114号,成华区,104.100222,30.677053,5188.26361279046
SCHOOL_1254,学校,学校,大学/高等院校,电子科技大学沙河校区-信息与软件工程学院,四川省成都市成华区建设北路二段4号电子科技大学沙河校区通信大楼2层,成华区,104.100005,30.678901,6106.15148079081
SCHOOL_1255,学校,学校,大学/高等院校,电子科技大学沙河校区-逸夫楼,四川省成都市成华区建设北路二段4号,成华区,104.10083,30.677598,6077.65072847328
SCHOOL_1256,学校,学校,大学/高等院校,电子科技大学附属实验小学,四川省成都市成华区府青路东街61号(府青惠园惠民工程东区东北),成华区,104.09968,30.684664,14990.8643104125
SCHOOL_1259,学校,学校,其他学校,成都电子科大东二院,成都市成华区建设北路二段5号,成华区,104.100001,30.682372,40923.895045605
SCHOOL_1262,学校,学校,其他学校,翰英菲想家未来广场,四川省成都市成华区二环路北四段2号,成华区,104.098361,30.68769,7624.69884282498
SCHOOL_1263,学校,学校,小学,成都市石室小学(育贤分校),四川省成都市成华区高车三路130号,成华区,104.099469,30.693257,16260.3014946868
SCHOOL_1268,学校,学校,中学,成都市第三十三中学校,四川省成都市金牛区红旗巷9号,金牛区,104.085651,30.697667,8917.39206015375
SCHOOL_1269,学校,学校,小学,成都市锦官城小学,四川省成都市成华区羊子山西路123号,成华区,104.091228,30.70984,15929.6701825094
SCHOOL_1271,学校,学校,中学,成都市第四十中学校,四川省成都市成华区西林二街220号,成华区,104.097542,30.704081,19615.1721420085
SCHOOL_1274,学校,学校,其他学校,成都首创画室(总校),四川省成都市成华区昭觉寺横路6号,成华区,104.098095,30.707905,5036.8985416121
SCHOOL_1276,学校,学校,其他学校,成都铁中(梧桐校区),四川省成都市金牛区韦家碾三路100号,金牛区,104.081806,30.720476,19300.3674569033
SCHOOL_1277,学校,学校,小学,成都市王贾桥小学校,四川省成都市金牛区王贾东一街99号,金牛区,104.068595,30.721173,7549.32761973195
SCHOOL_1283,学校,学校,中学,成都市铁路中学校梧桐校区小学部,四川省成都市金牛区韦家碾三路100号,金牛区,104.080866,30.720877,12493.5383336158
SCHOOL_1286,学校,学校,小学,凤凰小学,四川省成都市金牛区凤林四路133号,金牛区,104.068596,30.735337,11510.6858639642
SCHOOL_1287,学校,学校,其他学校,成都迷笛音乐中心,北星大道1918号附5号,金牛区,104.075663,30.736241,9519.96458196565
SCHOOL_1289,学校,学校,小学,双水小学,四川省成都市成华区荆顺西街99号,成华区,104.088508,30.71607,10394.2641058651
SCHOOL_1293,学校,学校,小学,成都市双水小学(荆竹校区),成都市成华区荆顺东街70米（龙湖·金地商置璟宸世家西北侧）,成华区,104.097758,30.714707,6388.29726900003
SCHOOL_1294,学校,学校,大学/高等院校,成都大学附属中学(双水碾校区),成都市成华区双富路与双水碾街交叉路口往北约110米,成华区,104.084518,30.716025,32060.533164416
SCHOOL_1296,学校,学校,中学,四川省成都华西中学,四川省成都市成华区双建南巷华西中学电子科技大学附中双建南巷1号,成华区,104.108517,30.683375,71434.6471833205
SCHOOL_1297,学校,学校,小学,成华实验小学(香木林路),四川省成都市成华区香木林路60号,成华区,104.107767,30.680801,4776.20753181532
SCHOOL_1299,学校,学校,大学/高等院校,成都电子科技大学附属中学,四川省成都市成华区双建南巷1号,成华区,104.109908,30.682514,71434.6471833205
SCHOOL_1301,学校,学校,小学,成华实验小学(北校区),四川省成都市成华区八里小区文德路42号,成华区,104.108432,30.689805,7161.42921498917
SCHOOL_1304,学校,学校,其他学校,四川省成都四十九中(枫林校区),四川省成都市成华区圣灯路39号,成华区,104.12107,30.679382,45537.8788546403
SCHOOL_1305,学校,学校,小学,成都市建设路小学(枫林校区),四川省成都市成华区枫林路236号,成华区,104.126361,30.677012,15535.3476832374
SCHOOL_1307,学校,学校,其他学校,成都七中英才学校,四川省成都市成华区民兴一路500号,成华区,104.128015,30.694234,63841.3430000374
SCHOOL_1308,学校,学校,小学,成都市双林小学(馨韵校区),四川省成都市成华区民兴二路76号,成华区,104.123174,30.690866,23736.7771553168
SCHOOL_1311,学校,学校,小学,成都市成华小学(蜀都分校),四川省成都市成华区民和路300号,成华区,104.11314,30.695186,25577.8595935704
SCHOOL_1314,学校,学校,其他学校,中国石化西南石油局培训中心(青龙路),四川省成都市成华区青龙路222号,成华区,104.107301,30.705816,6799.30816296882
SCHOOL_1315,学校,学校,小学,成都市北新实验小学(乐行校区),四川省成都市成华区东林四组东晖路188号,成华区,104.10993,30.709529,24214.3970935291
SCHOOL_1317,学校,学校,中学,石室初中(青龙校区),四川省成都市成华区致强环街303号,成华区,104.112417,30.705549,24784.0870660348
SCHOOL_1321,学校,学校,小学,成都市海滨小学校,四川省成都市成华区青龙街道东林社区新山路100号,成华区,104.117607,30.708959,28955.9140562524
SCHOOL_1322,学校,学校,其他学校,四川省工业贸易学校,四川省成都市成华区青龙路638号,成华区,104.117762,30.705507,39488.7069277928
SCHOOL_1323,学校,学校,中学,成都市实验中学,四川省成都市成华区东林路300号,成华区,104.120136,30.708542,48104.2712597487
SCHOOL_1328,学校,学校,其他学校,成都嘉祥外国语学校(成华校区),四川省成都市成华区二仙桥北二路3号,成华区,104.130036,30.684798,30175.6083301514
SCHOOL_1329,学校,学校,其他学校,成都市二仙桥学校,四川省成都市成华区二仙桥北路31号,成华区,104.135115,30.681015,14643.8944340868
SCHOOL_1333,学校,学校,其他学校,成都万汇学校,四川省成都市成华区华林一路41号,成华区,104.136901,30.687864,24436.4263734204
SCHOOL_1334,学校,学校,中学,成都七中英才学校(高中部),四川省成都市成华区仙韵五路666号,成华区,104.130363,30.69292,32113.2055970504
SCHOOL_1335,学校,学校,其他学校,成华区才艺学校(东校区),四川省成都市成华区二仙桥北路31附16号,成华区,104.134456,30.685904,2068.82809133266
SCHOOL_1340,学校,学校,大学/高等院校,成都理工大学-逸夫楼,四川省成都市成华区二仙桥东三路1号成都理工大学,成华区,104.142577,30.67746,10223.1005022599
SCHOOL_1341,学校,学校,大学/高等院校,成都理工大学-理化楼,四川省成都市成华区二仙桥东三路1号,成华区,104.141203,30.677788,3244.41967417211
SCHOOL_1345,学校,学校,大学/高等院校,成都理工大学(东区)-图书馆,四川省成都市成华区二仙桥东三路1号成都理工大学内,成华区,104.149014,30.678639,12399.6829547927
SCHOOL_1346,学校,学校,大学/高等院校,成都理工大学-艺术大楼,四川省成都市成华区桥东三路2号,成华区,104.145642,30.680039,13601.2091900359
SCHOOL_1347,学校,学校,其他学校,理工东苑-西区,四川省成都市成华区东三路,成华区,104.148284,30.684296,111266.509277087
SCHOOL_1348,学校,学校,大学/高等院校,成都理工大学附属小学,四川省成都市成华区民旺一路69号,成华区,104.144105,30.692468,16482.2617603812
SCHOOL_1352,学校,学校,其他学校,成都职业技术学校,四川省成都市成华区民旺一路88号,成华区,104.143544,30.695196,65810.8006190057
SCHOOL_1353,学校,学校,其他学校,成都市成华区才艺学校,四川省成都市成华区民兴路111号,成华区,104.140082,30.696509,3304.65028534491
SCHOOL_1354,学校,学校,其他学校,卡尔美成都仁德足球青训基地(蜀龙立交桥),四川省成都市成华区蜀龙立交桥城市仁德足球公园东南侧约80米,成华区,104.142462,30.708434,118052.703194223
SCHOOL_1355,学校,学校,其他学校,成都局集团公司八里培训基地,四川省成都市成华区蜀龙路,成华区,104.144107,30.69971,45245.1769036726
SCHOOL_1357,学校,学校,小学,成都市北新实验小学,四川省成都市成华区东紫路585号,成华区,104.10653,30.716154,17040.2732518129
SCHOOL_1358,学校,学校,小学,青龙乡白莲池小学校,成都市成华区致和路39号附近,成华区,104.120216,30.721787,4245.36163675693
SCHOOL_1359,学校,学校,小学,海滨小学慧行校区,四川省成都市成华区荆竹东路200号,成华区,104.122512,30.713988,21356.7204658051
SCHOOL_1365,学校,学校,其他学校,红花实验学校,四川省成都市成华区蜀陵路772号,成华区,104.119864,30.737414,6930.18663324
SCHOOL_1366,学校,学校,小学,成都市天回实验小学校,四川省成都市金牛区川天路801号,金牛区,104.10822,30.750909,15064.9784836573
SCHOOL_1367,学校,学校,其他学校,金牛区蜀星外语实验学校,四川省成都市金牛区天回路大湾村五组801号,金牛区,104.108,30.742377,3293.93598401662
SCHOOL_1371,学校,学校,中学,成都市成华区嘉祥外国语高级中学,四川省成都市成华区一里塘路一里塘北巷33号,成华区,104.13457,30.725656,60141.788449138
SCHOOL_1381,学校,学校,小学,太华小学,四川省成都市金牛区天回乡泰华村4组,金牛区,104.070693,30.785498,4914.2212641235
SCHOOL_1382,学校,学校,小学,成都市锦北小学校,四川省成都市金牛区冯家湾路343号,金牛区,104.095897,30.76522,12754.1663308471
SCHOOL_1383,学校,学校,其他学校,新徽学校,成都市金牛区明月村三组803号,金牛区,104.103468,30.763343,15157.5112189795
SCHOOL_1385,学校,学校,小学,成都实验小学(北新校区),四川省成都市金牛区天龙南一路145号,金牛区,104.090161,30.771762,16281.7757634202
SCHOOL_1386,学校,学校,小学,成都市人民北路小学(天北校区),四川省成都市金牛区天泽路656号,金牛区,104.088615,30.776692,14006.0444759494
SCHOOL_1388,学校,学校,其他学校,人居云缦林语艺术中心,成都金牛天高路636号,金牛区,104.093559,30.779324,69307.9503563708
SCHOOL_1390,学校,学校,其他学校,创联教育(成都国培中心校区),成都市金牛区天回镇街道金凤凰大道766号中铁产业园C区1栋,金牛区,104.09812,30.774506,13908.9688193915
SCHOOL_1394,学校,学校,小学,成都市人民北路小学校(立人校区),成都市金牛区余家新居A区东北侧约90米,金牛区,104.062553,30.796524,10469.5698098192
SCHOOL_1395,学校,学校,其他学校,成都铁中立人校区,四川省成都市金牛区双歌路余家新城2期2区323号,金牛区,104.064376,30.796264,14611.9032790378
SCHOOL_1397,学校,学校,小学,成都市锦西外国语实验小学校木龙湾校区,成都市金牛区白塔路中南樾府东侧约30米,金牛区,104.093736,30.793407,13459.8481409857
SCHOOL_1399,学校,学校,其他学校,成都三十六中,四川省成都市金牛区金华寺南路288号,金牛区,104.111233,30.770322,36053.9043836838
SCHOOL_1400,学校,学校,大学/高等院校,成都医学院,四川省成都市金牛区蓉都大道天回路601号,金牛区,104.10995,30.751639,66113.4917533113
SCHOOL_1401,学校,学校,其他学校,成都天一学校,四川省成都市金牛区蓉都大道天回路1112号,金牛区,104.12506,30.764655,111835.046252617
SCHOOL_1402,学校,学校,其他学校,成都市天虎保安培训学校,四川省成都市金牛区蓉都大道天回路天虎保安培训学校六组810号,金牛区,104.118533,30.755869,30820.2998204383
SCHOOL_1404,学校,学校,小学,成都市金桥高级艺术小学,四川省成都市金牛区植物园路金桥小学一组802号,金牛区,104.121183,30.76324,10068.2642397786
SCHOOL_1408,学校,学校,小学,成都市天回小学校,四川省成都市金牛区马觉寺路36号,金牛区,104.109807,30.771267,23379.8177820476
SCHOOL_1410,学校,学校,小学,锦江区芙蓉小学,四川省成都市锦江区芙蓉东路77号,锦江区,104.165646,30.593679,28094.2100247368
SCHOOL_1411,学校,学校,其他学校,美中国际爱智学校GIS,四川省成都市锦江区红砂村联合二组316号附1号,锦江区,104.156612,30.591622,2645.06705904992
SCHOOL_1413,学校,学校,其他学校,成都市十四幼和悦分园,四川省成都市成华区和韵路216号,成华区,104.156086,30.627756,3727.37610533863
SCHOOL_1414,学校,学校,小学,成都树德小学(和韵校区),四川省成都市成华区和韵路166号,成华区,104.155562,30.625968,18306.0791703659
SCHOOL_1415,学校,学校,中学,成都市第四十九中学(和美校区),四川省成都市成华区保华路68号,成华区,104.155529,30.632911,30899.0106868338
SCHOOL_1418,学校,学校,中学,成都双语实验学校(和悦分校初中部),四川省成都市成华区保和街道和安一路89号,成华区,104.150738,30.653204,22265.6487167737
SCHOOL_1423,学校,学校,其他学校,理工东苑-东区,成都市成华区民兴路888号,成华区,104.151743,30.683983,40693.4535417985
SCHOOL_1424,学校,学校,大学/高等院校,成都理工大学附属小学格物校区,四川省成都市成华区二仙桥东三路245号,成华区,104.15622,30.681295,12142.6193329199
SCHOOL_1428,学校,学校,大学/高等院校,成都大学-四川抗菌素工业研究所,四川省成都市成华区华冠路168号,成华区,104.169056,30.690729,17870.2344055518
SCHOOL_1434,学校,学校,大学/高等院校,电子科技大学附属实验小学(华泰校区),四川省成都市成华区成泰路8号,成华区,104.165982,30.698958,17734.1003392195
SCHOOL_1435,学校,学校,大学/高等院校,中国医学科学院-输血研究所,四川省成都市成华区东三环路二段龙潭总部经济城华彩路26号,成华区,104.172037,30.694837,33096.2442856844
SCHOOL_1436,学校,学校,中学,成都市双庆中学(龙潭校区),四川省成都市成华区成康路77号,成华区,104.170406,30.699394,16520.8637265687
SCHOOL_1439,学校,学校,小学,成都市龙潭小学校,四川省成都市成华区龙树东一路9号,成华区,104.161572,30.706571,16981.5370177602
SCHOOL_1440,学校,学校,大学/高等院校,西南财经大学天府学院成都校区(西区),成都市成华区龙潭寺航天路29号,成华区,104.174037,30.692986,40677.8362383274
SCHOOL_1441,学校,学校,大学/高等院校,成都大学附属实验小学(卓立校区),四川省成都市成华区丛桂二巷3号,成华区,104.178959,30.681529,7908.96757069052
SCHOOL_1444,学校,学校,大学/高等院校,西南财经大学天府学院(成都东区),四川省成都市成华区龙潭寺龙港路399号,成华区,104.188491,30.704865,171704.313150885
SCHOOL_1445,学校,学校,大学/高等院校,成都大学附属实验小学(卓逸校区),四川省成都市成华区隆兴南四路29号,成华区,104.184416,30.703395,13696.5374906631
SCHOOL_1447,学校,学校,大学/高等院校,电子科技大学附属实验小学(华翰校区),四川省成都市成华区华翰路水乡茗居西区东北侧约270米,成华区,104.175021,30.700976,42589.6892326101
SCHOOL_1448,学校,学校,其他学校,成华青少年法制教育基地,成都市成华区龙潭寺东路绿地悦蓉公馆南侧约250米,成华区,104.178619,30.708905,15648.8742973473
SCHOOL_1449,学校,学校,大学/高等院校,西南财经大学天府学院成都校区(东区)-教学楼,成都市成华区龙潭街道龙潭寺龙港路399号,成华区,104.187465,30.705497,15598.4881730541
SCHOOL_1452,学校,学校,中学,成都石室初中华青学校,成都市成华区桂林西路成都市桂林小学南侧约110米,成华区,104.177197,30.715794,25043.607455809
SCHOOL_1454,学校,学校,小学,桂林中小学,成都市成华区民兴人家西侧约90米,成华区,104.184671,30.725733,40817.1254671159
SCHOOL_1459,学校,学校,其他学校,成都市第二十五幼爱博分园,成都市成华区龙潭寺光明社区龙腾雅苑,成华区,104.21128,30.704781,2267.91499903804
SCHOOL_1460,学校,学校,小学,成都市龙盛小学(北校区),四川省成都市成华区龙潭寺东路,成华区,104.213381,30.694333,7059.01412625799
SCHOOL_1462,学校,学校,大学/高等院校,四川邮电职业技术学院家属-1区,成都市锦江区静康路536号,锦江区,104.123176,30.622379,7043.7243260733
SCHOOL_1463,学校,学校,其他学校,AI数字创智元,四川省成都市金牛区西华大道999号,金牛区,104.008461,30.742953,56789.7483999169
SCHOOL_1465,学校,学校,其他学校,成都市青羊区教育局(瑞联路),成都市青羊区瑞联路151号,青羊区,103.994155,30.668971,33010.3183700148
SCHOOL_1466,学校,学校,大学/高等院校,中共四川省委党校,成都市青羊区光华街道光华村街43号,青羊区,104.015239,30.666915,106689.88163335
SCHOOL_1467,学校,学校,其他学校,成都市金牛区教育局,四川省成都市抚琴东南路6号,金牛区,104.03935,30.676822,4041.07557031206
SCHOOL_1468,学校,学校,其他学校,成都市锦江区教育局,四川省成都市锦江区三官堂街13号,锦江区,104.091001,30.628787,2050.15497903356
SCHOOL_1469,学校,学校,大学/高等院校,四川省社会主义学院,成都市金牛区盛达街12号,金牛区,104.012246,30.73011,47833.460561416
